state1,state2,action1,action2,action3
-1.2000000476837158,-0.07000000029802322,-0.8613165050534375,-0.8814946807087869,0.2683877537775512
-1.2000000476837158,-0.06533333361148834,-0.8613165050534375,-0.8814946807087869,0.2683877537775512
-1.2000000476837158,-0.06066666692495346,0.38162662710797013,-0.31791571116424966,0.467304507041127
-1.2000000476837158,-0.05600000023841858,-5.216541850044826,-5.30018005739505,-5.329420006254495
-1.2000000476837158,-0.0513333335518837,-5.216541850044826,-5.30018005739505,-5.329420006254495
-1.2000000476837158,-0.046666666865348816,-6.514605302546116,-6.59338828439971,-6.574737998565949
-1.2000000476837158,-0.04200000017881393,-6.62113444868552,-6.590315337072738,-6.619820585538125
-1.2000000476837158,-0.037333333492279054,-6.62113444868552,-6.590315337072738,-6.619820585538125
-1.2000000476837158,-0.03266666680574417,-6.662091880474704,-6.631173092600478,-6.677542894994034
-1.2000000476837158,-0.028000000119209285,-6.721788805110432,-6.717611803757363,-6.699059090449392
-1.2000000476837158,-0.023333333432674408,-6.721788805110432,-6.717611803757363,-6.699059090449392
-1.2000000476837158,-0.018666666746139524,-6.812837259176613,-6.836431637181771,-6.83558662930202
-1.2000000476837158,-0.01400000005960464,-6.813988553488999,-6.860103353207106,-6.862022862756806
-1.2000000476837158,-0.009333333373069762,-6.813988553488999,-6.860103353207106,-6.862022862756806
-1.2000000476837158,-0.004666666686534884,-6.820528932687651,-6.818500891037083,-6.8078223705439
-1.2000000476837158,0.0,-6.705767785049432,-6.718767531535359,-6.644038991379844
-1.2000000476837158,0.004666666686534884,-6.705767785049432,-6.718767531535359,-6.644038991379844
-1.2000000476837158,0.009333333373069769,-6.6331159375025415,-6.597648136130728,-6.522111460546597
-1.2000000476837158,0.014000000059604653,-6.55735062706597,-6.404306746463839,-6.525648712516059
-1.2000000476837158,0.018666666746139524,-6.55735062706597,-6.404306746463839,-6.525648712516059
-1.2000000476837158,0.023333333432674408,-6.365374042947913,-6.372603582785594,-6.245023885944651
-1.2000000476837158,0.028000000119209292,-0.19216335220026037,-0.9249417613968587,0.7167872814477627
-1.2000000476837158,0.03266666680574418,-0.19216335220026037,-0.9249417613968587,0.7167872814477627
-1.2000000476837158,0.03733333349227906,0.6639827958005342,-0.5406830993115515,0.11466649295959863
-1.2000000476837158,0.042000000178813945,-0.9707288656836899,0.771924107415024,-0.8494305062560852
-1.2000000476837158,0.046666666865348816,-0.9707288656836899,0.771924107415024,-0.8494305062560852
-1.2000000476837158,0.0513333335518837,-0.6853003539848483,-0.7763465964260607,-0.579145395354087
-1.2000000476837158,0.056000000238418585,-0.5640212436159517,-0.8267725868626072,-0.04690245387305847
-1.2000000476837158,0.060666666924953455,-0.5640212436159517,-0.8267725868626072,-0.04690245387305847
-1.2000000476837158,0.06533333361148835,0.11879118590734317,-0.8130402891186332,-0.9459288322881567
-1.2000000476837158,0.07000000029802322,0.11879118590734317,-0.8130402891186332,-0.9459288322881567
-1.14000004529953,-0.07000000029802322,-0.8613165050534375,-0.8814946807087869,0.2683877537775512
-1.14000004529953,-0.06533333361148834,-0.8613165050534375,-0.8814946807087869,0.2683877537775512
-1.14000004529953,-0.06066666692495346,0.38162662710797013,-0.31791571116424966,0.467304507041127
-1.14000004529953,-0.05600000023841858,-5.216541850044826,-5.30018005739505,-5.329420006254495
-1.14000004529953,-0.0513333335518837,-5.216541850044826,-5.30018005739505,-5.329420006254495
-1.14000004529953,-0.046666666865348816,-6.514605302546116,-6.59338828439971,-6.574737998565949
-1.14000004529953,-0.04200000017881393,-6.62113444868552,-6.590315337072738,-6.619820585538125
-1.14000004529953,-0.037333333492279054,-6.62113444868552,-6.590315337072738,-6.619820585538125
-1.14000004529953,-0.03266666680574417,-6.662091880474704,-6.631173092600478,-6.677542894994034
-1.14000004529953,-0.028000000119209285,-6.721788805110432,-6.717611803757363,-6.699059090449392
-1.14000004529953,-0.023333333432674408,-6.721788805110432,-6.717611803757363,-6.699059090449392
-1.14000004529953,-0.018666666746139524,-6.812837259176613,-6.836431637181771,-6.83558662930202
-1.14000004529953,-0.01400000005960464,-6.813988553488999,-6.860103353207106,-6.862022862756806
-1.14000004529953,-0.009333333373069762,-6.813988553488999,-6.860103353207106,-6.862022862756806
-1.14000004529953,-0.004666666686534884,-6.820528932687651,-6.818500891037083,-6.8078223705439
-1.14000004529953,0.0,-6.705767785049432,-6.718767531535359,-6.644038991379844
-1.14000004529953,0.004666666686534884,-6.705767785049432,-6.718767531535359,-6.644038991379844
-1.14000004529953,0.009333333373069769,-6.6331159375025415,-6.597648136130728,-6.522111460546597
-1.14000004529953,0.014000000059604653,-6.55735062706597,-6.404306746463839,-6.525648712516059
-1.14000004529953,0.018666666746139524,-6.55735062706597,-6.404306746463839,-6.525648712516059
-1.14000004529953,0.023333333432674408,-6.365374042947913,-6.372603582785594,-6.245023885944651
-1.14000004529953,0.028000000119209292,-0.19216335220026037,-0.9249417613968587,0.7167872814477627
-1.14000004529953,0.03266666680574418,-0.19216335220026037,-0.9249417613968587,0.7167872814477627
-1.14000004529953,0.03733333349227906,0.6639827958005342,-0.5406830993115515,0.11466649295959863
-1.14000004529953,0.042000000178813945,-0.9707288656836899,0.771924107415024,-0.8494305062560852
-1.14000004529953,0.046666666865348816,-0.9707288656836899,0.771924107415024,-0.8494305062560852
-1.14000004529953,0.0513333335518837,-0.6853003539848483,-0.7763465964260607,-0.579145395354087
-1.14000004529953,0.056000000238418585,-0.5640212436159517,-0.8267725868626072,-0.04690245387305847
-1.14000004529953,0.060666666924953455,-0.5640212436159517,-0.8267725868626072,-0.04690245387305847
-1.14000004529953,0.06533333361148835,0.11879118590734317,-0.8130402891186332,-0.9459288322881567
-1.14000004529953,0.07000000029802322,0.11879118590734317,-0.8130402891186332,-0.9459288322881567
-1.0800000429153442,-0.07000000029802322,-0.13048260681638535,0.6562478650155676,-0.2752325070211834
-1.0800000429153442,-0.06533333361148834,-0.13048260681638535,0.6562478650155676,-0.2752325070211834
-1.0800000429153442,-0.06066666692495346,-0.6831489526682364,-0.7217447643601114,-1.0888628784963417
-1.0800000429153442,-0.05600000023841858,-5.889533049531174,-5.972039443666005,-5.962624818097285
-1.0800000429153442,-0.0513333335518837,-5.889533049531174,-5.972039443666005,-5.962624818097285
-1.0800000429153442,-0.046666666865348816,-6.3240406108523715,-6.362841991329743,-6.355162677053461
-1.0800000429153442,-0.04200000017881393,-6.495650104764056,-6.531402003033424,-6.532030368589078
-1.0800000429153442,-0.037333333492279054,-6.495650104764056,-6.531402003033424,-6.532030368589078
-1.0800000429153442,-0.03266666680574417,-6.635456570190547,-6.738790978859299,-6.755352447731101
-1.0800000429153442,-0.028000000119209285,-7.015343685150874,-7.03455666211411,-7.035199064969924
-1.0800000429153442,-0.023333333432674408,-7.015343685150874,-7.03455666211411,-7.035199064969924
-1.0800000429153442,-0.018666666746139524,-7.053417046845162,-7.294475817169106,-7.295571510961171
-1.0800000429153442,-0.01400000005960464,-7.410495712689061,-7.406883257719413,-7.41744100493567
-1.0800000429153442,-0.009333333373069762,-7.410495712689061,-7.406883257719413,-7.41744100493567
-1.0800000429153442,-0.004666666686534884,-7.341714638083163,-7.342510662213098,-7.311445128564547
-1.0800000429153442,0.0,-7.187953170874884,-7.207616756786897,-7.113201026259774
-1.0800000429153442,0.004666666686534884,-7.187953170874884,-7.207616756786897,-7.113201026259774
-1.0800000429153442,0.009333333373069769,-6.990572649589432,-7.06435459551451,-6.957149090307127
-1.0800000429153442,0.014000000059604653,-6.724689366052704,-6.764772615985371,-6.505267171732661
-1.0800000429153442,0.018666666746139524,-6.724689366052704,-6.764772615985371,-6.505267171732661
-1.0800000429153442,0.023333333432674408,-6.385056047303973,-6.377065496619524,-6.132473211082421
-1.0800000429153442,0.028000000119209292,-6.195545946703283,-6.180096140056476,-6.002086019242477
-1.0800000429153442,0.03266666680574418,-6.195545946703283,-6.180096140056476,-6.002086019242477
-1.0800000429153442,0.03733333349227906,0.22042481626045896,-0.29978667780061885,-0.7426141244924975
-1.0800000429153442,0.042000000178813945,-0.6049985110731886,0.6275192121533191,-0.5851648254524231
-1.0800000429153442,0.046666666865348816,-0.6049985110731886,0.6275192121533191,-0.5851648254524231
-1.0800000429153442,0.0513333335518837,-0.9111419634079809,-0.5830612740447643,0.17810152457863127
-1.0800000429153442,0.056000000238418585,-0.44782727175426285,0.9572809082596627,-0.9146622208522868
-1.0800000429153442,0.060666666924953455,-0.44782727175426285,0.9572809082596627,-0.9146622208522868
-1.0800000429153442,0.06533333361148835,-0.7131694004272651,-0.4251326867976053,0.838272779402023
-1.0800000429153442,0.07000000029802322,-0.7131694004272651,-0.4251326867976053,0.838272779402023
-1.0200000405311584,-0.07000000029802322,0.9866852165343587,0.877337771883286,0.1528032356295772
-1.0200000405311584,-0.06533333361148834,0.9866852165343587,0.877337771883286,0.1528032356295772
-1.0200000405311584,-0.06066666692495346,-2.8097816992396445,-3.0881145165796693,-2.878902133533207
-1.0200000405311584,-0.05600000023841858,-5.871542087307107,-5.908903868719106,-5.886696196679938
-1.0200000405311584,-0.0513333335518837,-5.871542087307107,-5.908903868719106,-5.886696196679938
-1.0200000405311584,-0.046666666865348816,-6.41478360640791,-6.366039264471985,-6.421244484243175
-1.0200000405311584,-0.04200000017881393,-6.534737356544969,-6.635941684287966,-6.627803956117392
-1.0200000405311584,-0.037333333492279054,-6.534737356544969,-6.635941684287966,-6.627803956117392
-1.0200000405311584,-0.03266666680574417,-7.0387156967751405,-7.096025068068377,-7.089141056022342
-1.0200000405311584,-0.028000000119209285,-7.258932639726006,-7.523427646156546,-7.4297223032278294
-1.0200000405311584,-0.023333333432674408,-7.258932639726006,-7.523427646156546,-7.4297223032278294
-1.0200000405311584,-0.018666666746139524,-7.807785474143863,-7.832967817257974,-7.8385860090157555
-1.0200000405311584,-0.01400000005960464,-8.086702998115763,-8.096611601728242,-8.088850699507063
-1.0200000405311584,-0.009333333373069762,-8.086702998115763,-8.096611601728242,-8.088850699507063
-1.0200000405311584,-0.004666666686534884,-8.175427650779607,-8.173964760476924,-8.154278232009604
-1.0200000405311584,0.0,-8.072346351430872,-8.084871176618288,-7.912274267453954
-1.0200000405311584,0.004666666686534884,-8.072346351430872,-8.084871176618288,-7.912274267453954
-1.0200000405311584,0.009333333373069769,-7.6490034961690645,-7.6500188368550495,-7.538568180244049
-1.0200000405311584,0.014000000059604653,-7.420661275319968,-7.411052844413791,-7.514395561860027
-1.0200000405311584,0.018666666746139524,-7.420661275319968,-7.411052844413791,-7.514395561860027
-1.0200000405311584,0.023333333432674408,-6.736204876499039,-6.7050616699120145,-6.533791118971227
-1.0200000405311584,0.028000000119209292,-6.1548799691662595,-6.120991960527992,-5.954688950478596
-1.0200000405311584,0.03266666680574418,-6.1548799691662595,-6.120991960527992,-5.954688950478596
-1.0200000405311584,0.03733333349227906,-5.958033247359173,-5.904279801622274,-5.7678631865869585
-1.0200000405311584,0.042000000178813945,-0.33836321589060847,-0.22508609487770048,-0.4834036090048155
-1.0200000405311584,0.046666666865348816,-0.33836321589060847,-0.22508609487770048,-0.4834036090048155
-1.0200000405311584,0.0513333335518837,0.4533309798815992,0.23659155935112675,0.29650619293203917
-1.0200000405311584,0.056000000238418585,-0.7055073490027286,0.3103290014181561,0.8372146792460315
-1.0200000405311584,0.060666666924953455,-0.7055073490027286,0.3103290014181561,0.8372146792460315
-1.0200000405311584,0.06533333361148835,-0.05930965276104039,-0.14457830804799232,-0.1286067218209097
-1.0200000405311584,0.07000000029802322,-0.05930965276104039,-0.14457830804799232,-0.1286067218209097
-0.9600000381469727,-0.07000000029802322,0.9866852165343587,0.877337771883286,0.1528032356295772
-0.9600000381469727,-0.06533333361148834,0.9866852165343587,0.877337771883286,0.1528032356295772
-0.9600000381469727,-0.06066666692495346,-2.8097816992396445,-3.0881145165796693,-2.878902133533207
-0.9600000381469727,-0.05600000023841858,-5.871542087307107,-5.908903868719106,-5.886696196679938
-0.9600000381469727,-0.0513333335518837,-5.871542087307107,-5.908903868719106,-5.886696196679938
-0.9600000381469727,-0.046666666865348816,-6.41478360640791,-6.366039264471985,-6.421244484243175
-0.9600000381469727,-0.04200000017881393,-6.534737356544969,-6.635941684287966,-6.627803956117392
-0.9600000381469727,-0.037333333492279054,-6.534737356544969,-6.635941684287966,-6.627803956117392
-0.9600000381469727,-0.03266666680574417,-7.0387156967751405,-7.096025068068377,-7.089141056022342
-0.9600000381469727,-0.028000000119209285,-7.258932639726006,-7.523427646156546,-7.4297223032278294
-0.9600000381469727,-0.023333333432674408,-7.258932639726006,-7.523427646156546,-7.4297223032278294
-0.9600000381469727,-0.018666666746139524,-7.807785474143863,-7.832967817257974,-7.8385860090157555
-0.9600000381469727,-0.01400000005960464,-8.086702998115763,-8.096611601728242,-8.088850699507063
-0.9600000381469727,-0.009333333373069762,-8.086702998115763,-8.096611601728242,-8.088850699507063
-0.9600000381469727,-0.004666666686534884,-8.175427650779607,-8.173964760476924,-8.154278232009604
-0.9600000381469727,0.0,-8.072346351430872,-8.084871176618288,-7.912274267453954
-0.9600000381469727,0.004666666686534884,-8.072346351430872,-8.084871176618288,-7.912274267453954
-0.9600000381469727,0.009333333373069769,-7.6490034961690645,-7.6500188368550495,-7.538568180244049
-0.9600000381469727,0.014000000059604653,-7.420661275319968,-7.411052844413791,-7.514395561860027
-0.9600000381469727,0.018666666746139524,-7.420661275319968,-7.411052844413791,-7.514395561860027
-0.9600000381469727,0.023333333432674408,-6.736204876499039,-6.7050616699120145,-6.533791118971227
-0.9600000381469727,0.028000000119209292,-6.1548799691662595,-6.120991960527992,-5.954688950478596
-0.9600000381469727,0.03266666680574418,-6.1548799691662595,-6.120991960527992,-5.954688950478596
-0.9600000381469727,0.03733333349227906,-5.958033247359173,-5.904279801622274,-5.7678631865869585
-0.9600000381469727,0.042000000178813945,-0.33836321589060847,-0.22508609487770048,-0.4834036090048155
-0.9600000381469727,0.046666666865348816,-0.33836321589060847,-0.22508609487770048,-0.4834036090048155
-0.9600000381469727,0.0513333335518837,0.4533309798815992,0.23659155935112675,0.29650619293203917
-0.9600000381469727,0.056000000238418585,-0.7055073490027286,0.3103290014181561,0.8372146792460315
-0.9600000381469727,0.060666666924953455,-0.7055073490027286,0.3103290014181561,0.8372146792460315
-0.9600000381469727,0.06533333361148835,-0.05930965276104039,-0.14457830804799232,-0.1286067218209097
-0.9600000381469727,0.07000000029802322,-0.05930965276104039,-0.14457830804799232,-0.1286067218209097
-0.9000000357627869,-0.07000000029802322,0.5138293391893132,-0.7403398632780682,-0.12712166380319623
-0.9000000357627869,-0.06533333361148834,0.5138293391893132,-0.7403398632780682,-0.12712166380319623
-0.9000000357627869,-0.06066666692495346,-4.959957254891597,-4.897720696053088,-4.916109353336551
-0.9000000357627869,-0.05600000023841858,-5.7861593766026465,-5.897283515689608,-6.007237206498455
-0.9000000357627869,-0.0513333335518837,-5.7861593766026465,-5.897283515689608,-6.007237206498455
-0.9000000357627869,-0.046666666865348816,-6.3910950008506635,-6.489307580411709,-6.499800293949772
-0.9000000357627869,-0.04200000017881393,-6.659725922921204,-6.875790173695947,-6.894044172515331
-0.9000000357627869,-0.037333333492279054,-6.659725922921204,-6.875790173695947,-6.894044172515331
-0.9000000357627869,-0.03266666680574417,-7.172654170638226,-7.6369592602523335,-7.551120994028519
-0.9000000357627869,-0.028000000119209285,-8.337901011097715,-8.337415958194619,-8.326036413169348
-0.9000000357627869,-0.023333333432674408,-8.337901011097715,-8.337415958194619,-8.326036413169348
-0.9000000357627869,-0.018666666746139524,-8.863024060099587,-9.388461565699638,-9.42734050405283
-0.9000000357627869,-0.01400000005960464,-9.666788351448725,-9.614453124149712,-9.668346677634398
-0.9000000357627869,-0.009333333373069762,-9.666788351448725,-9.614453124149712,-9.668346677634398
-0.9000000357627869,-0.004666666686534884,-9.672260825807694,-9.68819065443448,-9.530688917616294
-0.9000000357627869,0.0,-9.64008745104048,-9.398127841565787,-9.614703894448262
-0.9000000357627869,0.004666666686534884,-9.64008745104048,-9.398127841565787,-9.614703894448262
-0.9000000357627869,0.009333333373069769,-9.4688440275444,-9.505035158590198,-9.12128525774783
-0.9000000357627869,0.014000000059604653,-8.710923076109717,-8.786081051023988,-8.391387093847989
-0.9000000357627869,0.018666666746139524,-8.710923076109717,-8.786081051023988,-8.391387093847989
-0.9000000357627869,0.023333333432674408,-7.662991464972752,-7.587282556534985,-7.493013529154758
-0.9000000357627869,0.028000000119209292,-6.660509648498942,-6.607775634070411,-6.57636552892114
-0.9000000357627869,0.03266666680574418,-6.660509648498942,-6.607775634070411,-6.57636552892114
-0.9000000357627869,0.03733333349227906,-6.01687983614268,-5.877270522004264,-5.737164554127255
-0.9000000357627869,0.042000000178813945,-5.6938086141868,-5.702921767811653,-5.530873241568842
-0.9000000357627869,0.046666666865348816,-5.6938086141868,-5.702921767811653,-5.530873241568842
-0.9000000357627869,0.0513333335518837,-0.3932149639592277,0.6340769115533353,-0.6182815823930266
-0.9000000357627869,0.056000000238418585,0.49938422880491595,0.31170385054706395,0.8352046816912022
-0.9000000357627869,0.060666666924953455,0.49938422880491595,0.31170385054706395,0.8352046816912022
-0.9000000357627869,0.06533333361148835,-0.033334488981549004,0.07293703416280684,-0.980904122525367
-0.9000000357627869,0.07000000029802322,-0.033334488981549004,0.07293703416280684,-0.980904122525367
-0.8400000333786011,-0.07000000029802322,-1.5571141152535284,-1.4753071725490379,-1.405604728372878
-0.8400000333786011,-0.06533333361148834,-1.5571141152535284,-1.4753071725490379,-1.405604728372878
-0.8400000333786011,-0.06066666692495346,-5.0365172649067675,-5.069878250789287,-5.070723644049531
-0.8400000333786011,-0.05600000023841858,-5.785816565643443,-6.097124003691911,-6.025652146452054
-0.8400000333786011,-0.0513333335518837,-5.785816565643443,-6.097124003691911,-6.025652146452054
-0.8400000333786011,-0.046666666865348816,-6.5049063889568295,-6.663284653519786,-6.574286529632484
-0.8400000333786011,-0.04200000017881393,-7.373110219084233,-7.119897857879382,-7.438723438215952
-0.8400000333786011,-0.037333333492279054,-7.373110219084233,-7.119897857879382,-7.438723438215952
-0.8400000333786011,-0.03266666680574417,-8.070331393306649,-8.072565373335516,-8.121754764097332
-0.8400000333786011,-0.028000000119209285,-8.529251426248972,-8.705363475176766,-8.671515287957844
-0.8400000333786011,-0.023333333432674408,-8.529251426248972,-8.705363475176766,-8.671515287957844
-0.8400000333786011,-0.018666666746139524,-9.828386816663864,-9.975569793449944,-10.021691827766086
-0.8400000333786011,-0.01400000005960464,-10.205414536830903,-10.206055746062557,-10.198165863513912
-0.8400000333786011,-0.009333333373069762,-10.205414536830903,-10.206055746062557,-10.198165863513912
-0.8400000333786011,-0.004666666686534884,-10.216591789631869,-10.199856345728337,-10.097063355351068
-0.8400000333786011,0.0,-10.023091370412283,-10.077793077922294,-9.928233312642307
-0.8400000333786011,0.004666666686534884,-10.023091370412283,-10.077793077922294,-9.928233312642307
-0.8400000333786011,0.009333333373069769,-9.910120384031767,-9.817231996162477,-9.651325454778657
-0.8400000333786011,0.014000000059604653,-9.40023832044473,-9.452206330550627,-9.174979451409023
-0.8400000333786011,0.018666666746139524,-9.40023832044473,-9.452206330550627,-9.174979451409023
-0.8400000333786011,0.023333333432674408,-9.103000958630874,-8.93244159839633,-8.43929319995287
-0.8400000333786011,0.028000000119209292,-7.499105867617133,-7.52863135465973,-7.4863223260751575
-0.8400000333786011,0.03266666680574418,-7.499105867617133,-7.52863135465973,-7.4863223260751575
-0.8400000333786011,0.03733333349227906,-6.346075683620539,-6.367644924779505,-6.3491438016764175
-0.8400000333786011,0.042000000178813945,-5.74599849403337,-5.607970044719046,-5.31317633007608
-0.8400000333786011,0.046666666865348816,-5.74599849403337,-5.607970044719046,-5.31317633007608
-0.8400000333786011,0.0513333335518837,-5.480281536135226,-5.185756489217194,-5.4702293287314685
-0.8400000333786011,0.056000000238418585,0.14712006808377098,0.42176171972890164,0.26452893690911594
-0.8400000333786011,0.060666666924953455,0.14712006808377098,0.42176171972890164,0.26452893690911594
-0.8400000333786011,0.06533333361148835,0.5449890230787231,-0.9076369665343329,-0.6768019477103762
-0.8400000333786011,0.07000000029802322,0.5449890230787231,-0.9076369665343329,-0.6768019477103762
-0.7800000309944153,-0.07000000029802322,-1.5571141152535284,-1.4753071725490379,-1.405604728372878
-0.7800000309944153,-0.06533333361148834,-1.5571141152535284,-1.4753071725490379,-1.405604728372878
-0.7800000309944153,-0.06066666692495346,-5.0365172649067675,-5.069878250789287,-5.070723644049531
-0.7800000309944153,-0.05600000023841858,-5.785816565643443,-6.097124003691911,-6.025652146452054
-0.7800000309944153,-0.0513333335518837,-5.785816565643443,-6.097124003691911,-6.025652146452054
-0.7800000309944153,-0.046666666865348816,-6.5049063889568295,-6.663284653519786,-6.574286529632484
-0.7800000309944153,-0.04200000017881393,-7.373110219084233,-7.119897857879382,-7.438723438215952
-0.7800000309944153,-0.037333333492279054,-7.373110219084233,-7.119897857879382,-7.438723438215952
-0.7800000309944153,-0.03266666680574417,-8.070331393306649,-8.072565373335516,-8.121754764097332
-0.7800000309944153,-0.028000000119209285,-8.529251426248972,-8.705363475176766,-8.671515287957844
-0.7800000309944153,-0.023333333432674408,-8.529251426248972,-8.705363475176766,-8.671515287957844
-0.7800000309944153,-0.018666666746139524,-9.828386816663864,-9.975569793449944,-10.021691827766086
-0.7800000309944153,-0.01400000005960464,-10.205414536830903,-10.206055746062557,-10.198165863513912
-0.7800000309944153,-0.009333333373069762,-10.205414536830903,-10.206055746062557,-10.198165863513912
-0.7800000309944153,-0.004666666686534884,-10.216591789631869,-10.199856345728337,-10.097063355351068
-0.7800000309944153,0.0,-10.023091370412283,-10.077793077922294,-9.928233312642307
-0.7800000309944153,0.004666666686534884,-10.023091370412283,-10.077793077922294,-9.928233312642307
-0.7800000309944153,0.009333333373069769,-9.910120384031767,-9.817231996162477,-9.651325454778657
-0.7800000309944153,0.014000000059604653,-9.40023832044473,-9.452206330550627,-9.174979451409023
-0.7800000309944153,0.018666666746139524,-9.40023832044473,-9.452206330550627,-9.174979451409023
-0.7800000309944153,0.023333333432674408,-9.103000958630874,-8.93244159839633,-8.43929319995287
-0.7800000309944153,0.028000000119209292,-7.499105867617133,-7.52863135465973,-7.4863223260751575
-0.7800000309944153,0.03266666680574418,-7.499105867617133,-7.52863135465973,-7.4863223260751575
-0.7800000309944153,0.03733333349227906,-6.346075683620539,-6.367644924779505,-6.3491438016764175
-0.7800000309944153,0.042000000178813945,-5.74599849403337,-5.607970044719046,-5.31317633007608
-0.7800000309944153,0.046666666865348816,-5.74599849403337,-5.607970044719046,-5.31317633007608
-0.7800000309944153,0.0513333335518837,-5.480281536135226,-5.185756489217194,-5.4702293287314685
-0.7800000309944153,0.056000000238418585,0.14712006808377098,0.42176171972890164,0.26452893690911594
-0.7800000309944153,0.060666666924953455,0.14712006808377098,0.42176171972890164,0.26452893690911594
-0.7800000309944153,0.06533333361148835,0.5449890230787231,-0.9076369665343329,-0.6768019477103762
-0.7800000309944153,0.07000000029802322,0.5449890230787231,-0.9076369665343329,-0.6768019477103762
-0.7200000286102295,-0.07000000029802322,-1.3116448247395915,-1.552565650329679,-1.4119651485898
-0.7200000286102295,-0.06533333361148834,-1.3116448247395915,-1.552565650329679,-1.4119651485898
-0.7200000286102295,-0.06066666692495346,-5.081687930090293,-5.144309436243812,-5.09662237457794
-0.7200000286102295,-0.05600000023841858,-6.054157895885747,-5.96568210215305,-6.191528373873002
-0.7200000286102295,-0.0513333335518837,-6.054157895885747,-5.96568210215305,-6.191528373873002
-0.7200000286102295,-0.046666666865348816,-6.572201860727154,-6.7152616938625584,-6.752797445829881
-0.7200000286102295,-0.04200000017881393,-7.492170848949071,-7.281600410194907,-7.526281072025221
-0.7200000286102295,-0.037333333492279054,-7.492170848949071,-7.281600410194907,-7.526281072025221
-0.7200000286102295,-0.03266666680574417,-8.308362173460443,-8.34998767093464,-8.41988238252884
-0.7200000286102295,-0.028000000119209285,-9.396276614417435,-9.639507105703021,-9.594062031526484
-0.7200000286102295,-0.023333333432674408,-9.396276614417435,-9.639507105703021,-9.594062031526484
-0.7200000286102295,-0.018666666746139524,-10.287669449608105,-10.416437155257654,-10.424062570545503
-0.7200000286102295,-0.01400000005960464,-10.63612180909702,-10.950233712902245,-10.96803030028585
-0.7200000286102295,-0.009333333373069762,-10.63612180909702,-10.950233712902245,-10.96803030028585
-0.7200000286102295,-0.004666666686534884,-10.969882743031654,-11.033440132472634,-10.951243641543995
-0.7200000286102295,0.0,-11.068784843617,-10.938979359423175,-10.783446639266998
-0.7200000286102295,0.004666666686534884,-11.068784843617,-10.938979359423175,-10.783446639266998
-0.7200000286102295,0.009333333373069769,-10.582553389099369,-10.464705585704529,-9.975546580034624
-0.7200000286102295,0.014000000059604653,-9.913493953775795,-9.884361257166015,-9.536195219062241
-0.7200000286102295,0.018666666746139524,-9.913493953775795,-9.884361257166015,-9.536195219062241
-0.7200000286102295,0.023333333432674408,-9.335136797362326,-9.298821189300758,-9.183974153128077
-0.7200000286102295,0.028000000119209292,-8.777102403345653,-8.730481263419264,-8.442539111514296
-0.7200000286102295,0.03266666680574418,-8.777102403345653,-8.730481263419264,-8.442539111514296
-0.7200000286102295,0.03733333349227906,-7.371193803949195,-7.331237430355118,-7.348952688860557
-0.7200000286102295,0.042000000178813945,-6.231170631816552,-6.1283421321312375,-5.674449724201221
-0.7200000286102295,0.046666666865348816,-6.231170631816552,-6.1283421321312375,-5.674449724201221
-0.7200000286102295,0.0513333335518837,-5.397207418859908,-5.491330652146289,-5.049561697384634
-0.7200000286102295,0.056000000238418585,0.9844286278665033,-0.26939405295860497,-0.06107447689891399
-0.7200000286102295,0.060666666924953455,0.9844286278665033,-0.26939405295860497,-0.06107447689891399
-0.7200000286102295,0.06533333361148835,0.3564411651984507,-0.14692864530910388,-0.43795246837537194
-0.7200000286102295,0.07000000029802322,0.3564411651984507,-0.14692864530910388,-0.43795246837537194
-0.6600000262260437,-0.07000000029802322,-1.2791581433897528,-1.3758595081532827,-1.4525556607718126
-0.6600000262260437,-0.06533333361148834,-1.2791581433897528,-1.3758595081532827,-1.4525556607718126
-0.6600000262260437,-0.06066666692495346,-4.998595770810412,-5.006349468737409,-5.01856751488457
-0.6600000262260437,-0.05600000023841858,-5.86811025246383,-6.041598677633571,-6.157612623298797
-0.6600000262260437,-0.0513333335518837,-5.86811025246383,-6.041598677633571,-6.157612623298797
-0.6600000262260437,-0.046666666865348816,-6.509095550378964,-6.764009318335489,-6.824923204616435
-0.6600000262260437,-0.04200000017881393,-7.37148473988647,-7.6067210523373365,-7.664687046284903
-0.6600000262260437,-0.037333333492279054,-7.37148473988647,-7.6067210523373365,-7.664687046284903
-0.6600000262260437,-0.03266666680574417,-8.466397733764362,-8.453383971119381,-8.534294027586961
-0.6600000262260437,-0.028000000119209285,-9.545243123948978,-9.575227327420059,-9.607206234490214
-0.6600000262260437,-0.023333333432674408,-9.545243123948978,-9.575227327420059,-9.607206234490214
-0.6600000262260437,-0.018666666746139524,-10.538123334427732,-10.561277239677812,-10.630596711656388
-0.6600000262260437,-0.01400000005960464,-11.007763641526592,-11.417385035969563,-11.509282630005776
-0.6600000262260437,-0.009333333373069762,-11.007763641526592,-11.417385035969563,-11.509282630005776
-0.6600000262260437,-0.004666666686534884,-11.598134937219367,-12.128051638412286,-11.842246112464354
-0.6600000262260437,0.0,-12.294969694382432,-12.343598295503954,-11.652065431879706
-0.6600000262260437,0.004666666686534884,-12.294969694382432,-12.343598295503954,-11.652065431879706
-0.6600000262260437,0.009333333373069769,-10.994559070272746,-10.943520564643242,-10.70205357173697
-0.6600000262260437,0.014000000059604653,-10.455392885187866,-10.52333673899211,-10.124000991106216
-0.6600000262260437,0.018666666746139524,-10.455392885187866,-10.52333673899211,-10.124000991106216
-0.6600000262260437,0.023333333432674408,-9.747964030521553,-9.693947441858434,-9.239893254411669
-0.6600000262260437,0.028000000119209292,-9.08695930773811,-8.891672454030802,-8.79023673356151
-0.6600000262260437,0.03266666680574418,-9.08695930773811,-8.891672454030802,-8.79023673356151
-0.6600000262260437,0.03733333349227906,-8.166220505077593,-8.158725377418747,-7.7416033533801745
-0.6600000262260437,0.042000000178813945,-6.600106296528882,-6.333357460651314,-6.09704254428066
-0.6600000262260437,0.046666666865348816,-6.600106296528882,-6.333357460651314,-6.09704254428066
-0.6600000262260437,0.0513333335518837,-5.390116809192117,-5.289695963837864,-4.934563511713064
-0.6600000262260437,0.056000000238418585,-5.157582682450988,-5.150537238356922,-4.826079218961537
-0.6600000262260437,0.060666666924953455,-5.157582682450988,-5.150537238356922,-4.826079218961537
-0.6600000262260437,0.06533333361148835,0.06216459356396853,-0.13764262546630435,0.09836221060036476
-0.6600000262260437,0.07000000029802322,0.06216459356396853,-0.13764262546630435,0.09836221060036476
-0.6000000238418579,-0.07000000029802322,-1.2791581433897528,-1.3758595081532827,-1.4525556607718126
-0.6000000238418579,-0.06533333361148834,-1.2791581433897528,-1.3758595081532827,-1.4525556607718126
-0.6000000238418579,-0.06066666692495346,-4.998595770810412,-5.006349468737409,-5.01856751488457
-0.6000000238418579,-0.05600000023841858,-5.86811025246383,-6.041598677633571,-6.157612623298797
-0.6000000238418579,-0.0513333335518837,-5.86811025246383,-6.041598677633571,-6.157612623298797
-0.6000000238418579,-0.046666666865348816,-6.509095550378964,-6.764009318335489,-6.824923204616435
-0.6000000238418579,-0.04200000017881393,-7.37148473988647,-7.6067210523373365,-7.664687046284903
-0.6000000238418579,-0.037333333492279054,-7.37148473988647,-7.6067210523373365,-7.664687046284903
-0.6000000238418579,-0.03266666680574417,-8.466397733764362,-8.453383971119381,-8.534294027586961
-0.6000000238418579,-0.028000000119209285,-9.545243123948978,-9.575227327420059,-9.607206234490214
-0.6000000238418579,-0.023333333432674408,-9.545243123948978,-9.575227327420059,-9.607206234490214
-0.6000000238418579,-0.018666666746139524,-10.538123334427732,-10.561277239677812,-10.630596711656388
-0.6000000238418579,-0.01400000005960464,-11.007763641526592,-11.417385035969563,-11.509282630005776
-0.6000000238418579,-0.009333333373069762,-11.007763641526592,-11.417385035969563,-11.509282630005776
-0.6000000238418579,-0.004666666686534884,-11.598134937219367,-12.128051638412286,-11.842246112464354
-0.6000000238418579,0.0,-12.294969694382432,-12.343598295503954,-11.652065431879706
-0.6000000238418579,0.004666666686534884,-12.294969694382432,-12.343598295503954,-11.652065431879706
-0.6000000238418579,0.009333333373069769,-10.994559070272746,-10.943520564643242,-10.70205357173697
-0.6000000238418579,0.014000000059604653,-10.455392885187866,-10.52333673899211,-10.124000991106216
-0.6000000238418579,0.018666666746139524,-10.455392885187866,-10.52333673899211,-10.124000991106216
-0.6000000238418579,0.023333333432674408,-9.747964030521553,-9.693947441858434,-9.239893254411669
-0.6000000238418579,0.028000000119209292,-9.08695930773811,-8.891672454030802,-8.79023673356151
-0.6000000238418579,0.03266666680574418,-9.08695930773811,-8.891672454030802,-8.79023673356151
-0.6000000238418579,0.03733333349227906,-8.166220505077593,-8.158725377418747,-7.7416033533801745
-0.6000000238418579,0.042000000178813945,-6.600106296528882,-6.333357460651314,-6.09704254428066
-0.6000000238418579,0.046666666865348816,-6.600106296528882,-6.333357460651314,-6.09704254428066
-0.6000000238418579,0.0513333335518837,-5.390116809192117,-5.289695963837864,-4.934563511713064
-0.6000000238418579,0.056000000238418585,-5.157582682450988,-5.150537238356922,-4.826079218961537
-0.6000000238418579,0.060666666924953455,-5.157582682450988,-5.150537238356922,-4.826079218961537
-0.6000000238418579,0.06533333361148835,0.06216459356396853,-0.13764262546630435,0.09836221060036476
-0.6000000238418579,0.07000000029802322,0.06216459356396853,-0.13764262546630435,0.09836221060036476
-0.5400000214576721,-0.07000000029802322,-0.9743959093099331,-1.0724034609353295,-1.3057052142653882
-0.5400000214576721,-0.06533333361148834,-0.9743959093099331,-1.0724034609353295,-1.3057052142653882
-0.5400000214576721,-0.06066666692495346,-4.964368556564738,-4.9698351001331185,-5.016498323984247
-0.5400000214576721,-0.05600000023841858,-5.764295361166625,-6.097979460000148,-6.166647935953025
-0.5400000214576721,-0.0513333335518837,-5.764295361166625,-6.097979460000148,-6.166647935953025
-0.5400000214576721,-0.046666666865348816,-6.50172974343099,-6.715398267316418,-6.742920210202281
-0.5400000214576721,-0.04200000017881393,-7.174468863430835,-7.596771517755577,-7.633736054143222
-0.5400000214576721,-0.037333333492279054,-7.174468863430835,-7.596771517755577,-7.633736054143222
-0.5400000214576721,-0.03266666680574417,-8.60355366780223,-8.60841400495276,-8.69777545683688
-0.5400000214576721,-0.028000000119209285,-8.748144946342547,-9.08532821822578,-9.231616630680387
-0.5400000214576721,-0.023333333432674408,-8.748144946342547,-9.08532821822578,-9.231616630680387
-0.5400000214576721,-0.018666666746139524,-10.7034375421836,-10.82177567218795,-10.821010659540011
-0.5400000214576721,-0.01400000005960464,-11.379239019285896,-11.44121167222431,-11.573738789901478
-0.5400000214576721,-0.009333333373069762,-11.379239019285896,-11.44121167222431,-11.573738789901478
-0.5400000214576721,-0.004666666686534884,-11.991432264619219,-12.107140096637663,-12.11811821950733
-0.5400000214576721,0.0,-12.170635283268801,-12.435173498417694,-12.53899810971685
-0.5400000214576721,0.004666666686534884,-12.170635283268801,-12.435173498417694,-12.53899810971685
-0.5400000214576721,0.009333333373069769,-11.655138516449707,-11.608756490887338,-11.322641260255196
-0.5400000214576721,0.014000000059604653,-10.945298217130778,-10.965957642375205,-10.558067127541392
-0.5400000214576721,0.018666666746139524,-10.945298217130778,-10.965957642375205,-10.558067127541392
-0.5400000214576721,0.023333333432674408,-10.193567178554801,-10.195735791270664,-9.752181909686168
-0.5400000214576721,0.028000000119209292,-9.202165914487157,-9.173488931214008,-8.930906537710893
-0.5400000214576721,0.03266666680574418,-9.202165914487157,-9.173488931214008,-8.930906537710893
-0.5400000214576721,0.03733333349227906,-8.659132595344058,-8.521448471116356,-7.9186051851992385
-0.5400000214576721,0.042000000178813945,-6.862967443704396,-6.822289988362801,-6.831704250934079
-0.5400000214576721,0.046666666865348816,-6.862967443704396,-6.822289988362801,-6.831704250934079
-0.5400000214576721,0.0513333335518837,-5.519973860137645,-5.592553663373106,-5.199082928321964
-0.5400000214576721,0.056000000238418585,-5.164674453893809,-4.724448211233185,-5.2224160185077295
-0.5400000214576721,0.060666666924953455,-5.164674453893809,-4.724448211233185,-5.2224160185077295
-0.5400000214576721,0.06533333361148835,0.19550567614148529,-0.5067534934372491,-0.7481539619449187
-0.5400000214576721,0.07000000029802322,0.19550567614148529,-0.5067534934372491,-0.7481539619449187
-0.48000001907348633,-0.07000000029802322,-0.3315461117245602,-0.3516474644212668,-0.39069980504648494
-0.48000001907348633,-0.06533333361148834,-0.3315461117245602,-0.3516474644212668,-0.39069980504648494
-0.48000001907348633,-0.06066666692495346,-4.83570613600669,-4.828274747673381,-4.826786842809755
-0.48000001907348633,-0.05600000023841858,-5.295299871139568,-5.8769050347165415,-6.113993422839103
-0.48000001907348633,-0.0513333335518837,-5.295299871139568,-5.8769050347165415,-6.113993422839103
-0.48000001907348633,-0.046666666865348816,-6.377374274186676,-6.7729142981767785,-6.758073903582693
-0.48000001907348633,-0.04200000017881393,-7.043904619355792,-7.388793405581623,-7.366708982319903
-0.48000001907348633,-0.037333333492279054,-7.043904619355792,-7.388793405581623,-7.366708982319903
-0.48000001907348633,-0.03266666680574417,-7.777817903976147,-8.318095351444708,-8.34873392420213
-0.48000001907348633,-0.028000000119209285,-9.007256487712272,-9.013143107232104,-8.981778902739913
-0.48000001907348633,-0.023333333432674408,-9.007256487712272,-9.013143107232104,-8.981778902739913
-0.48000001907348633,-0.018666666746139524,-10.367310912893023,-10.534932834372798,-10.546549831316268
-0.48000001907348633,-0.01400000005960464,-11.575977552514,-11.60142724197748,-11.666604444292442
-0.48000001907348633,-0.009333333373069762,-11.575977552514,-11.60142724197748,-11.666604444292442
-0.48000001907348633,-0.004666666686534884,-12.112961510664585,-12.22332906379082,-12.29968585554876
-0.48000001907348633,0.0,-12.675776614113357,-12.261044927287191,-12.613209190308016
-0.48000001907348633,0.004666666686534884,-12.675776614113357,-12.261044927287191,-12.613209190308016
-0.48000001907348633,0.009333333373069769,-11.789289774398048,-11.757755115426045,-11.386422942926085
-0.48000001907348633,0.014000000059604653,-11.378260508977487,-11.368438344892265,-11.372919309007134
-0.48000001907348633,0.018666666746139524,-11.378260508977487,-11.368438344892265,-11.372919309007134
-0.48000001907348633,0.023333333432674408,-10.176466880771551,-10.181977500394556,-9.855282460996513
-0.48000001907348633,0.028000000119209292,-9.357617181456764,-9.295261170365483,-9.006433926252683
-0.48000001907348633,0.03266666680574418,-9.357617181456764,-9.295261170365483,-9.006433926252683
-0.48000001907348633,0.03733333349227906,-8.694859861612322,-8.60341358200106,-8.059897099830806
-0.48000001907348633,0.042000000178813945,-7.0644459271049165,-6.9539192610079645,-6.9621430541684
-0.48000001907348633,0.046666666865348816,-7.0644459271049165,-6.9539192610079645,-6.9621430541684
-0.48000001907348633,0.0513333335518837,-5.62205316133363,-5.623789690604483,-5.207642327652215
-0.48000001907348633,0.056000000238418585,-5.097675994761965,-5.107388259503787,-4.503461003322525
-0.48000001907348633,0.060666666924953455,-5.097675994761965,-5.107388259503787,-4.503461003322525
-0.48000001907348633,0.06533333361148835,0.24226740074605413,0.09633760973433803,0.3331222766542241
-0.48000001907348633,0.07000000029802322,0.24226740074605413,0.09633760973433803,0.3331222766542241
-0.42000001668930054,-0.07000000029802322,-0.3315461117245602,-0.3516474644212668,-0.39069980504648494
-0.42000001668930054,-0.06533333361148834,-0.3315461117245602,-0.3516474644212668,-0.39069980504648494
-0.42000001668930054,-0.06066666692495346,-4.83570613600669,-4.828274747673381,-4.826786842809755
-0.42000001668930054,-0.05600000023841858,-5.295299871139568,-5.8769050347165415,-6.113993422839103
-0.42000001668930054,-0.0513333335518837,-5.295299871139568,-5.8769050347165415,-6.113993422839103
-0.42000001668930054,-0.046666666865348816,-6.377374274186676,-6.7729142981767785,-6.758073903582693
-0.42000001668930054,-0.04200000017881393,-7.043904619355792,-7.388793405581623,-7.366708982319903
-0.42000001668930054,-0.037333333492279054,-7.043904619355792,-7.388793405581623,-7.366708982319903
-0.42000001668930054,-0.03266666680574417,-7.777817903976147,-8.318095351444708,-8.34873392420213
-0.42000001668930054,-0.028000000119209285,-9.007256487712272,-9.013143107232104,-8.981778902739913
-0.42000001668930054,-0.023333333432674408,-9.007256487712272,-9.013143107232104,-8.981778902739913
-0.42000001668930054,-0.018666666746139524,-10.367310912893023,-10.534932834372798,-10.546549831316268
-0.42000001668930054,-0.01400000005960464,-11.575977552514,-11.60142724197748,-11.666604444292442
-0.42000001668930054,-0.009333333373069762,-11.575977552514,-11.60142724197748,-11.666604444292442
-0.42000001668930054,-0.004666666686534884,-12.112961510664585,-12.22332906379082,-12.29968585554876
-0.42000001668930054,0.0,-12.675776614113357,-12.261044927287191,-12.613209190308016
-0.42000001668930054,0.004666666686534884,-12.675776614113357,-12.261044927287191,-12.613209190308016
-0.42000001668930054,0.009333333373069769,-11.789289774398048,-11.757755115426045,-11.386422942926085
-0.42000001668930054,0.014000000059604653,-11.378260508977487,-11.368438344892265,-11.372919309007134
-0.42000001668930054,0.018666666746139524,-11.378260508977487,-11.368438344892265,-11.372919309007134
-0.42000001668930054,0.023333333432674408,-10.176466880771551,-10.181977500394556,-9.855282460996513
-0.42000001668930054,0.028000000119209292,-9.357617181456764,-9.295261170365483,-9.006433926252683
-0.42000001668930054,0.03266666680574418,-9.357617181456764,-9.295261170365483,-9.006433926252683
-0.42000001668930054,0.03733333349227906,-8.694859861612322,-8.60341358200106,-8.059897099830806
-0.42000001668930054,0.042000000178813945,-7.0644459271049165,-6.9539192610079645,-6.9621430541684
-0.42000001668930054,0.046666666865348816,-7.0644459271049165,-6.9539192610079645,-6.9621430541684
-0.42000001668930054,0.0513333335518837,-5.62205316133363,-5.623789690604483,-5.207642327652215
-0.42000001668930054,0.056000000238418585,-5.097675994761965,-5.107388259503787,-4.503461003322525
-0.42000001668930054,0.060666666924953455,-5.097675994761965,-5.107388259503787,-4.503461003322525
-0.42000001668930054,0.06533333361148835,0.24226740074605413,0.09633760973433803,0.3331222766542241
-0.42000001668930054,0.07000000029802322,0.24226740074605413,0.09633760973433803,0.3331222766542241
-0.36000001430511475,-0.07000000029802322,0.7873220917089845,-0.27468761576563794,0.353608740288204
-0.36000001430511475,-0.06533333361148834,0.7873220917089845,-0.27468761576563794,0.353608740288204
-0.36000001430511475,-0.06066666692495346,-3.696849506524527,-3.733194727226683,-3.6476370005269056
-0.36000001430511475,-0.05600000023841858,-5.066425993881075,-5.8550089396793314,-5.504917993450979
-0.36000001430511475,-0.0513333335518837,-5.066425993881075,-5.8550089396793314,-5.504917993450979
-0.36000001430511475,-0.046666666865348816,-6.561469793108275,-6.233458353525367,-6.567537473396638
-0.36000001430511475,-0.04200000017881393,-6.8092018514372405,-7.221603625827559,-7.187795220708425
-0.36000001430511475,-0.037333333492279054,-6.8092018514372405,-7.221603625827559,-7.187795220708425
-0.36000001430511475,-0.03266666680574417,-8.207991313350322,-7.493048758315024,-8.186186772881538
-0.36000001430511475,-0.028000000119209285,-8.853066830291155,-8.865263623682996,-8.84748312931285
-0.36000001430511475,-0.023333333432674408,-8.853066830291155,-8.865263623682996,-8.84748312931285
-0.36000001430511475,-0.018666666746139524,-9.38287441752839,-9.41039992712745,-9.708134778396268
-0.36000001430511475,-0.01400000005960464,-9.659933977036971,-10.215359646225263,-10.141873783750919
-0.36000001430511475,-0.009333333373069762,-9.659933977036971,-10.215359646225263,-10.141873783750919
-0.36000001430511475,-0.004666666686534884,-10.504256733012532,-11.210472536557068,-11.148639873757066
-0.36000001430511475,0.0,-11.371378785061136,-11.282201929127565,-11.46895373026077
-0.36000001430511475,0.004666666686534884,-11.371378785061136,-11.282201929127565,-11.46895373026077
-0.36000001430511475,0.009333333373069769,-11.34059619282429,-11.334809759020679,-11.249069918029454
-0.36000001430511475,0.014000000059604653,-11.27905878806257,-11.280176324153272,-11.28026375972421
-0.36000001430511475,0.018666666746139524,-11.27905878806257,-11.280176324153272,-11.28026375972421
-0.36000001430511475,0.023333333432674408,-10.166152059565889,-10.159357940655944,-9.863993857975897
-0.36000001430511475,0.028000000119209292,-9.18690628376426,-9.277973655708728,-8.870307670555844
-0.36000001430511475,0.03266666680574418,-9.18690628376426,-9.277973655708728,-8.870307670555844
-0.36000001430511475,0.03733333349227906,-8.516198111048313,-8.583689347089331,-7.965141789384261
-0.36000001430511475,0.042000000178813945,-7.130833108319504,-7.042032569316257,-6.980232546601271
-0.36000001430511475,0.046666666865348816,-7.130833108319504,-7.042032569316257,-6.980232546601271
-0.36000001430511475,0.0513333335518837,-5.459176644357552,-5.615994996338105,-5.174813656096697
-0.36000001430511475,0.056000000238418585,-5.121179353737373,-4.8752726009533935,-4.329826583325292
-0.36000001430511475,0.060666666924953455,-5.121179353737373,-4.8752726009533935,-4.329826583325292
-0.36000001430511475,0.06533333361148835,0.8202384323911363,0.29766265067494024,0.8975326747135837
-0.36000001430511475,0.07000000029802322,0.8202384323911363,0.29766265067494024,0.8975326747135837
-0.30000001192092896,-0.07000000029802322,-0.5442558189629954,-0.10646292440354665,-0.8056996780605012
-0.30000001192092896,-0.06533333361148834,-0.5442558189629954,-0.10646292440354665,-0.8056996780605012
-0.30000001192092896,-0.06066666692495346,-0.9914767807221893,-1.1904894450139507,-1.2107803743035837
-0.30000001192092896,-0.05600000023841858,-4.767155272074439,-4.782592015184888,-4.78181069293278
-0.30000001192092896,-0.0513333335518837,-4.767155272074439,-4.782592015184888,-4.78181069293278
-0.30000001192092896,-0.046666666865348816,-5.574824146654952,-6.290349873470216,-5.892831501684642
-0.30000001192092896,-0.04200000017881393,-7.036818495848551,-7.029734311397849,-6.7985574082334645
-0.30000001192092896,-0.037333333492279054,-7.036818495848551,-7.029734311397849,-6.7985574082334645
-0.30000001192092896,-0.03266666680574417,-7.416232215215067,-7.581057418629747,-7.560807973464873
-0.30000001192092896,-0.028000000119209285,-7.715077145308196,-8.503971380737545,-8.533654274733573
-0.30000001192092896,-0.023333333432674408,-7.715077145308196,-8.503971380737545,-8.533654274733573
-0.30000001192092896,-0.018666666746139524,-8.461806487364754,-8.97119908426913,-8.993341218999838
-0.30000001192092896,-0.01400000005960464,-9.902123012274178,-9.917852857183554,-9.913898247749058
-0.30000001192092896,-0.009333333373069762,-9.902123012274178,-9.917852857183554,-9.913898247749058
-0.30000001192092896,-0.004666666686534884,-10.36034235376339,-10.394479282977791,-10.477379626445527
-0.30000001192092896,0.0,-10.759955216632433,-10.791963960128575,-10.833658656962676
-0.30000001192092896,0.004666666686534884,-10.759955216632433,-10.791963960128575,-10.833658656962676
-0.30000001192092896,0.009333333373069769,-10.988543069576671,-11.013322431221345,-11.02434799877034
-0.30000001192092896,0.014000000059604653,-10.54271340409422,-10.545772051711785,-9.80559146462558
-0.30000001192092896,0.018666666746139524,-10.54271340409422,-10.545772051711785,-9.80559146462558
-0.30000001192092896,0.023333333432674408,-9.836975255649614,-10.005142854513796,-9.643573450987628
-0.30000001192092896,0.028000000119209292,-9.132997467222783,-8.99289733553579,-8.668604500134625
-0.30000001192092896,0.03266666680574418,-9.132997467222783,-8.99289733553579,-8.668604500134625
-0.30000001192092896,0.03733333349227906,-8.397876187412457,-8.35338250905326,-7.806466175231552
-0.30000001192092896,0.042000000178813945,-6.798592793647009,-6.747668083897113,-6.730027138516084
-0.30000001192092896,0.046666666865348816,-6.798592793647009,-6.747668083897113,-6.730027138516084
-0.30000001192092896,0.0513333335518837,-5.286564660148687,-4.782182206410072,-5.326969605873988
-0.30000001192092896,0.056000000238418585,-4.888871040859951,-4.905636137389094,-4.008227161437282
-0.30000001192092896,0.060666666924953455,-4.888871040859951,-4.905636137389094,-4.008227161437282
-0.30000001192092896,0.06533333361148835,0.5524315561251147,0.42821242706719187,0.5094588284158144
-0.30000001192092896,0.07000000029802322,0.5524315561251147,0.42821242706719187,0.5094588284158144
-0.24000000953674316,-0.07000000029802322,-0.5442558189629954,-0.10646292440354665,-0.8056996780605012
-0.24000000953674316,-0.06533333361148834,-0.5442558189629954,-0.10646292440354665,-0.8056996780605012
-0.24000000953674316,-0.06066666692495346,-0.9914767807221893,-1.1904894450139507,-1.2107803743035837
-0.24000000953674316,-0.05600000023841858,-4.767155272074439,-4.782592015184888,-4.78181069293278
-0.24000000953674316,-0.0513333335518837,-4.767155272074439,-4.782592015184888,-4.78181069293278
-0.24000000953674316,-0.046666666865348816,-5.574824146654952,-6.290349873470216,-5.892831501684642
-0.24000000953674316,-0.04200000017881393,-7.036818495848551,-7.029734311397849,-6.7985574082334645
-0.24000000953674316,-0.037333333492279054,-7.036818495848551,-7.029734311397849,-6.7985574082334645
-0.24000000953674316,-0.03266666680574417,-7.416232215215067,-7.581057418629747,-7.560807973464873
-0.24000000953674316,-0.028000000119209285,-7.715077145308196,-8.503971380737545,-8.533654274733573
-0.24000000953674316,-0.023333333432674408,-7.715077145308196,-8.503971380737545,-8.533654274733573
-0.24000000953674316,-0.018666666746139524,-8.461806487364754,-8.97119908426913,-8.993341218999838
-0.24000000953674316,-0.01400000005960464,-9.902123012274178,-9.917852857183554,-9.913898247749058
-0.24000000953674316,-0.009333333373069762,-9.902123012274178,-9.917852857183554,-9.913898247749058
-0.24000000953674316,-0.004666666686534884,-10.36034235376339,-10.394479282977791,-10.477379626445527
-0.24000000953674316,0.0,-10.759955216632433,-10.791963960128575,-10.833658656962676
-0.24000000953674316,0.004666666686534884,-10.759955216632433,-10.791963960128575,-10.833658656962676
-0.24000000953674316,0.009333333373069769,-10.988543069576671,-11.013322431221345,-11.02434799877034
-0.24000000953674316,0.014000000059604653,-10.54271340409422,-10.545772051711785,-9.80559146462558
-0.24000000953674316,0.018666666746139524,-10.54271340409422,-10.545772051711785,-9.80559146462558
-0.24000000953674316,0.023333333432674408,-9.836975255649614,-10.005142854513796,-9.643573450987628
-0.24000000953674316,0.028000000119209292,-9.132997467222783,-8.99289733553579,-8.668604500134625
-0.24000000953674316,0.03266666680574418,-9.132997467222783,-8.99289733553579,-8.668604500134625
-0.24000000953674316,0.03733333349227906,-8.397876187412457,-8.35338250905326,-7.806466175231552
-0.24000000953674316,0.042000000178813945,-6.798592793647009,-6.747668083897113,-6.730027138516084
-0.24000000953674316,0.046666666865348816,-6.798592793647009,-6.747668083897113,-6.730027138516084
-0.24000000953674316,0.0513333335518837,-5.286564660148687,-4.782182206410072,-5.326969605873988
-0.24000000953674316,0.056000000238418585,-4.888871040859951,-4.905636137389094,-4.008227161437282
-0.24000000953674316,0.060666666924953455,-4.888871040859951,-4.905636137389094,-4.008227161437282
-0.24000000953674316,0.06533333361148835,0.5524315561251147,0.42821242706719187,0.5094588284158144
-0.24000000953674316,0.07000000029802322,0.5524315561251147,0.42821242706719187,0.5094588284158144
-0.18000000715255737,-0.07000000029802322,0.9860341789826652,-0.6706810598947568,-0.28196065299011064
-0.18000000715255737,-0.06533333361148834,0.9860341789826652,-0.6706810598947568,-0.28196065299011064
-0.18000000715255737,-0.06066666692495346,-0.945931555073223,0.6934477087609423,0.8696149772769739
-0.18000000715255737,-0.05600000023841858,-3.066682295783066,-3.1691454496347258,-3.0445982904570688
-0.18000000715255737,-0.0513333335518837,-3.066682295783066,-3.1691454496347258,-3.0445982904570688
-0.18000000715255737,-0.046666666865348816,-5.15123568869979,-5.407103675021838,-5.336691128910786
-0.18000000715255737,-0.04200000017881393,-5.926945796620817,-6.434485443217239,-6.498804520804884
-0.18000000715255737,-0.037333333492279054,-5.926945796620817,-6.434485443217239,-6.498804520804884
-0.18000000715255737,-0.03266666680574417,-6.74752067957158,-7.334895985020526,-7.337923539505461
-0.18000000715255737,-0.028000000119209285,-7.6534004571831495,-7.861149602609717,-7.871821893311339
-0.18000000715255737,-0.023333333432674408,-7.6534004571831495,-7.861149602609717,-7.871821893311339
-0.18000000715255737,-0.018666666746139524,-8.033318340575027,-8.649862617415499,-8.688777680190938
-0.18000000715255737,-0.01400000005960464,-8.478802683680456,-9.14177194414381,-9.100625003040713
-0.18000000715255737,-0.009333333373069762,-8.478802683680456,-9.14177194414381,-9.100625003040713
-0.18000000715255737,-0.004666666686534884,-9.107850604407687,-9.594873682561039,-9.573451582960626
-0.18000000715255737,0.0,-9.654169750980525,-9.859804094958838,-9.85794521013103
-0.18000000715255737,0.004666666686534884,-9.654169750980525,-9.859804094958838,-9.85794521013103
-0.18000000715255737,0.009333333373069769,-9.795741632766228,-9.967849791659882,-9.958020133091841
-0.18000000715255737,0.014000000059604653,-9.758315556819806,-9.70366244382074,-9.568758389014434
-0.18000000715255737,0.018666666746139524,-9.758315556819806,-9.70366244382074,-9.568758389014434
-0.18000000715255737,0.023333333432674408,-9.516786870462912,-9.428338455653142,-8.973795759779499
-0.18000000715255737,0.028000000119209292,-8.830273385317891,-8.93426020186268,-8.598367052802022
-0.18000000715255737,0.03266666680574418,-8.830273385317891,-8.93426020186268,-8.598367052802022
-0.18000000715255737,0.03733333349227906,-7.892285556095296,-7.841102187669309,-7.422785214667583
-0.18000000715255737,0.042000000178813945,-5.7490930080505365,-5.749524868977757,-5.2190567963727545
-0.18000000715255737,0.046666666865348816,-5.7490930080505365,-5.749524868977757,-5.2190567963727545
-0.18000000715255737,0.0513333335518837,-4.79272159603741,-4.8170703087738405,-3.88682865601835
-0.18000000715255737,0.056000000238418585,-4.451944193797246,-4.294234188835893,-3.840809579940039
-0.18000000715255737,0.060666666924953455,-4.451944193797246,-4.294234188835893,-3.840809579940039
-0.18000000715255737,0.06533333361148835,-0.6923988593038994,-0.04052401176755627,0.4144200428101934
-0.18000000715255737,0.07000000029802322,-0.6923988593038994,-0.04052401176755627,0.4144200428101934
-0.12000000476837158,-0.07000000029802322,0.5895322542851025,0.8117712989065013,0.045551594887595304
-0.12000000476837158,-0.06533333361148834,0.5895322542851025,0.8117712989065013,0.045551594887595304
-0.12000000476837158,-0.06066666692495346,0.9431622669911106,0.13597079046325966,0.56930861375456
-0.12000000476837158,-0.05600000023841858,-0.8578961329827716,-0.6373019744900947,-0.6938712349078888
-0.12000000476837158,-0.0513333335518837,-0.8578961329827716,-0.6373019744900947,-0.6938712349078888
-0.12000000476837158,-0.046666666865348816,-3.8304204065191247,-3.7872231395784506,-3.821335521368742
-0.12000000476837158,-0.04200000017881393,-5.536060409574907,-5.941694670952397,-5.968695568567056
-0.12000000476837158,-0.037333333492279054,-5.536060409574907,-5.941694670952397,-5.968695568567056
-0.12000000476837158,-0.03266666680574417,-6.237931660976565,-6.624829464481517,-6.7617395173614305
-0.12000000476837158,-0.028000000119209285,-6.93362446921001,-7.348039400324711,-7.5115039277331155
-0.12000000476837158,-0.023333333432674408,-6.93362446921001,-7.348039400324711,-7.5115039277331155
-0.12000000476837158,-0.018666666746139524,-7.936787020740841,-8.13305339671453,-8.117894240749559
-0.12000000476837158,-0.01400000005960464,-8.371351592721508,-8.604173273313476,-8.638202107709388
-0.12000000476837158,-0.009333333373069762,-8.371351592721508,-8.604173273313476,-8.638202107709388
-0.12000000476837158,-0.004666666686534884,-8.703574797861597,-8.959410843894556,-8.880413721618007
-0.12000000476837158,0.0,-9.032032318393657,-9.174531708093522,-9.179992455637613
-0.12000000476837158,0.004666666686534884,-9.032032318393657,-9.174531708093522,-9.179992455637613
-0.12000000476837158,0.009333333373069769,-9.21944957334418,-9.369862406632855,-9.372992882092364
-0.12000000476837158,0.014000000059604653,-9.320173831028375,-9.295753177715927,-8.748105099524384
-0.12000000476837158,0.018666666746139524,-9.320173831028375,-9.295753177715927,-8.748105099524384
-0.12000000476837158,0.023333333432674408,-8.682715301648624,-8.681242550254897,-8.544112295274706
-0.12000000476837158,0.028000000119209292,-8.182315103887026,-8.249302571728812,-7.787655159327413
-0.12000000476837158,0.03266666680574418,-8.182315103887026,-8.249302571728812,-7.787655159327413
-0.12000000476837158,0.03733333349227906,-6.986918242592726,-6.907077104988698,-6.954118644627154
-0.12000000476837158,0.042000000178813945,-5.24381292133826,-5.190589111878445,-4.511155823701788
-0.12000000476837158,0.046666666865348816,-5.24381292133826,-5.190589111878445,-4.511155823701788
-0.12000000476837158,0.0513333335518837,-4.5896529375610715,-4.549860034725824,-3.5998697755335605
-0.12000000476837158,0.056000000238418585,-1.9072259084683754,-1.7017728050555312,-1.6730565705124603
-0.12000000476837158,0.060666666924953455,-1.9072259084683754,-1.7017728050555312,-1.6730565705124603
-0.12000000476837158,0.06533333361148835,0.9507083277138393,-0.29743626645461707,-0.06956810198310182
-0.12000000476837158,0.07000000029802322,0.9507083277138393,-0.29743626645461707,-0.06956810198310182
-0.06000000238418579,-0.07000000029802322,0.5895322542851025,0.8117712989065013,0.045551594887595304
-0.06000000238418579,-0.06533333361148834,0.5895322542851025,0.8117712989065013,0.045551594887595304
-0.06000000238418579,-0.06066666692495346,0.9431622669911106,0.13597079046325966,0.56930861375456
-0.06000000238418579,-0.05600000023841858,-0.8578961329827716,-0.6373019744900947,-0.6938712349078888
-0.06000000238418579,-0.0513333335518837,-0.8578961329827716,-0.6373019744900947,-0.6938712349078888
-0.06000000238418579,-0.046666666865348816,-3.8304204065191247,-3.7872231395784506,-3.821335521368742
-0.06000000238418579,-0.04200000017881393,-5.536060409574907,-5.941694670952397,-5.968695568567056
-0.06000000238418579,-0.037333333492279054,-5.536060409574907,-5.941694670952397,-5.968695568567056
-0.06000000238418579,-0.03266666680574417,-6.237931660976565,-6.624829464481517,-6.7617395173614305
-0.06000000238418579,-0.028000000119209285,-6.93362446921001,-7.348039400324711,-7.5115039277331155
-0.06000000238418579,-0.023333333432674408,-6.93362446921001,-7.348039400324711,-7.5115039277331155
-0.06000000238418579,-0.018666666746139524,-7.936787020740841,-8.13305339671453,-8.117894240749559
-0.06000000238418579,-0.01400000005960464,-8.371351592721508,-8.604173273313476,-8.638202107709388
-0.06000000238418579,-0.009333333373069762,-8.371351592721508,-8.604173273313476,-8.638202107709388
-0.06000000238418579,-0.004666666686534884,-8.703574797861597,-8.959410843894556,-8.880413721618007
-0.06000000238418579,0.0,-9.032032318393657,-9.174531708093522,-9.179992455637613
-0.06000000238418579,0.004666666686534884,-9.032032318393657,-9.174531708093522,-9.179992455637613
-0.06000000238418579,0.009333333373069769,-9.21944957334418,-9.369862406632855,-9.372992882092364
-0.06000000238418579,0.014000000059604653,-9.320173831028375,-9.295753177715927,-8.748105099524384
-0.06000000238418579,0.018666666746139524,-9.320173831028375,-9.295753177715927,-8.748105099524384
-0.06000000238418579,0.023333333432674408,-8.682715301648624,-8.681242550254897,-8.544112295274706
-0.06000000238418579,0.028000000119209292,-8.182315103887026,-8.249302571728812,-7.787655159327413
-0.06000000238418579,0.03266666680574418,-8.182315103887026,-8.249302571728812,-7.787655159327413
-0.06000000238418579,0.03733333349227906,-6.986918242592726,-6.907077104988698,-6.954118644627154
-0.06000000238418579,0.042000000178813945,-5.24381292133826,-5.190589111878445,-4.511155823701788
-0.06000000238418579,0.046666666865348816,-5.24381292133826,-5.190589111878445,-4.511155823701788
-0.06000000238418579,0.0513333335518837,-4.5896529375610715,-4.549860034725824,-3.5998697755335605
-0.06000000238418579,0.056000000238418585,-1.9072259084683754,-1.7017728050555312,-1.6730565705124603
-0.06000000238418579,0.060666666924953455,-1.9072259084683754,-1.7017728050555312,-1.6730565705124603
-0.06000000238418579,0.06533333361148835,0.9507083277138393,-0.29743626645461707,-0.06956810198310182
-0.06000000238418579,0.07000000029802322,0.9507083277138393,-0.29743626645461707,-0.06956810198310182
0.0,-0.07000000029802322,0.5137130508366026,-0.49355810027287106,-0.9935712088914734
0.0,-0.06533333361148834,0.5137130508366026,-0.49355810027287106,-0.9935712088914734
0.0,-0.06066666692495346,0.4553306626559521,-0.20960775746970084,-0.218463580896878
0.0,-0.05600000023841858,0.4834598353780504,-0.30723984172779595,0.9542115331420318
0.0,-0.0513333335518837,0.4834598353780504,-0.30723984172779595,0.9542115331420318
0.0,-0.046666666865348816,-2.032037433387646,-2.0870359221897568,-2.1988307961271047
0.0,-0.04200000017881393,-4.304630884034685,-4.380805093812385,-4.335627593731831
0.0,-0.037333333492279054,-4.304630884034685,-4.380805093812385,-4.335627593731831
0.0,-0.03266666680574417,-5.683258302758524,-6.012389850211306,-6.075470790010428
0.0,-0.028000000119209285,-6.1541839405229215,-7.192599517933362,-7.02207812744719
0.0,-0.023333333432674408,-6.1541839405229215,-7.192599517933362,-7.02207812744719
0.0,-0.018666666746139524,-7.753987680230083,-6.972254779906528,-7.767317446899586
0.0,-0.01400000005960464,-7.555073298633544,-7.904006013762392,-8.0229703813931
0.0,-0.009333333373069762,-7.555073298633544,-7.904006013762392,-8.0229703813931
0.0,-0.004666666686534884,-8.423406052053714,-8.504281890158973,-8.387075038892107
0.0,0.0,-8.638836475021337,-8.682985701192182,-8.67624360819547
0.0,0.004666666686534884,-8.638836475021337,-8.682985701192182,-8.67624360819547
0.0,0.009333333373069769,-8.63654817256663,-8.382102723813341,-8.637089712147692
0.0,0.014000000059604653,-8.479423202208697,-8.468958550725366,-8.258148863991451
0.0,0.018666666746139524,-8.479423202208697,-8.468958550725366,-8.258148863991451
0.0,0.023333333432674408,-8.294388427333086,-8.311050182610458,-7.764084907227729
0.0,0.028000000119209292,-7.437731277132835,-7.438420313862905,-7.449807984968952
0.0,0.03266666680574418,-7.437731277132835,-7.438420313862905,-7.449807984968952
0.0,0.03733333349227906,-5.299238330848356,-5.418935323115108,-5.001936240310129
0.0,0.042000000178813945,-4.232487318171363,-4.355217159535636,-3.7905909484748714
0.0,0.046666666865348816,-4.232487318171363,-4.355217159535636,-3.7905909484748714
0.0,0.0513333335518837,-4.043364146249913,-3.9554970454525717,-3.3640908292969276
0.0,0.056000000238418585,0.06509810282436335,-0.0638395219325465,-0.08462475245612183
0.0,0.060666666924953455,0.06509810282436335,-0.0638395219325465,-0.08462475245612183
0.0,0.06533333361148835,0.4925085886379952,0.4905099013431373,0.894429694033021
0.0,0.07000000029802322,0.4925085886379952,0.4905099013431373,0.894429694033021
0.06000000238418579,-0.07000000029802322,-0.37509472069903405,-0.05240876990611887,-0.5901037603707311
0.06000000238418579,-0.06533333361148834,-0.37509472069903405,-0.05240876990611887,-0.5901037603707311
0.06000000238418579,-0.06066666692495346,-0.49675408328004345,-0.47372656100067956,-0.8648288204818906
0.06000000238418579,-0.05600000023841858,-0.617895762571613,-0.7082262002447066,-0.5242225895635255
0.06000000238418579,-0.0513333335518837,-0.617895762571613,-0.7082262002447066,-0.5242225895635255
0.06000000238418579,-0.046666666865348816,-0.3327114766297432,0.3525370351289263,0.6907453427313412
0.06000000238418579,-0.04200000017881393,-2.5063471344557873,-2.6486078010448106,-2.4838740173951903
0.06000000238418579,-0.037333333492279054,-2.5063471344557873,-2.6486078010448106,-2.4838740173951903
0.06000000238418579,-0.03266666680574417,-4.411037950402363,-4.458532066437455,-4.460280232564516
0.06000000238418579,-0.028000000119209285,-6.080746046500517,-6.099403596528585,-6.162658678002166
0.06000000238418579,-0.023333333432674408,-6.080746046500517,-6.099403596528585,-6.162658678002166
0.06000000238418579,-0.018666666746139524,-6.590375416513577,-6.952800813569661,-6.877518703333069
0.06000000238418579,-0.01400000005960464,-6.820682214450961,-7.573906455671958,-7.535867964348949
0.06000000238418579,-0.009333333373069762,-6.820682214450961,-7.573906455671958,-7.535867964348949
0.06000000238418579,-0.004666666686534884,-7.538146013839042,-7.883263087741531,-7.845962632552258
0.06000000238418579,0.0,-7.6172954353161275,-8.042335882337488,-8.070431455862005
0.06000000238418579,0.004666666686534884,-7.6172954353161275,-8.042335882337488,-8.070431455862005
0.06000000238418579,0.009333333373069769,-7.8770151132909305,-7.988713461501587,-7.695922076975243
0.06000000238418579,0.014000000059604653,-7.97569824690863,-7.609300858724327,-7.936619934380114
0.06000000238418579,0.018666666746139524,-7.97569824690863,-7.609300858724327,-7.936619934380114
0.06000000238418579,0.023333333432674408,-7.336296866326001,-7.326639638122965,-7.310158356848006
0.06000000238418579,0.028000000119209292,-5.182669497065077,-5.352543218182691,-5.364970348256607
0.06000000238418579,0.03266666680574418,-5.182669497065077,-5.352543218182691,-5.364970348256607
0.06000000238418579,0.03733333349227906,-4.270265671715224,-3.8604273386785257,-4.392295761084302
0.06000000238418579,0.042000000178813945,-3.678506970354019,-3.5657922171847996,-2.737875193482652
0.06000000238418579,0.046666666865348816,-3.678506970354019,-3.5657922171847996,-2.737875193482652
0.06000000238418579,0.0513333335518837,-2.984258780074679,-2.982912432604137,-3.00616309871583
0.06000000238418579,0.056000000238418585,-0.8752620021303192,0.5890686185794336,-0.26959257985027674
0.06000000238418579,0.060666666924953455,-0.8752620021303192,0.5890686185794336,-0.26959257985027674
0.06000000238418579,0.06533333361148835,-0.9542894122608225,0.992195015863717,-0.7322909093934573
0.06000000238418579,0.07000000029802322,-0.9542894122608225,0.992195015863717,-0.7322909093934573
0.12000000476837158,-0.07000000029802322,-0.37509472069903405,-0.05240876990611887,-0.5901037603707311
0.12000000476837158,-0.06533333361148834,-0.37509472069903405,-0.05240876990611887,-0.5901037603707311
0.12000000476837158,-0.06066666692495346,-0.49675408328004345,-0.47372656100067956,-0.8648288204818906
0.12000000476837158,-0.05600000023841858,-0.617895762571613,-0.7082262002447066,-0.5242225895635255
0.12000000476837158,-0.0513333335518837,-0.617895762571613,-0.7082262002447066,-0.5242225895635255
0.12000000476837158,-0.046666666865348816,-0.3327114766297432,0.3525370351289263,0.6907453427313412
0.12000000476837158,-0.04200000017881393,-2.5063471344557873,-2.6486078010448106,-2.4838740173951903
0.12000000476837158,-0.037333333492279054,-2.5063471344557873,-2.6486078010448106,-2.4838740173951903
0.12000000476837158,-0.03266666680574417,-4.411037950402363,-4.458532066437455,-4.460280232564516
0.12000000476837158,-0.028000000119209285,-6.080746046500517,-6.099403596528585,-6.162658678002166
0.12000000476837158,-0.023333333432674408,-6.080746046500517,-6.099403596528585,-6.162658678002166
0.12000000476837158,-0.018666666746139524,-6.590375416513577,-6.952800813569661,-6.877518703333069
0.12000000476837158,-0.01400000005960464,-6.820682214450961,-7.573906455671958,-7.535867964348949
0.12000000476837158,-0.009333333373069762,-6.820682214450961,-7.573906455671958,-7.535867964348949
0.12000000476837158,-0.004666666686534884,-7.538146013839042,-7.883263087741531,-7.845962632552258
0.12000000476837158,0.0,-7.6172954353161275,-8.042335882337488,-8.070431455862005
0.12000000476837158,0.004666666686534884,-7.6172954353161275,-8.042335882337488,-8.070431455862005
0.12000000476837158,0.009333333373069769,-7.8770151132909305,-7.988713461501587,-7.695922076975243
0.12000000476837158,0.014000000059604653,-7.97569824690863,-7.609300858724327,-7.936619934380114
0.12000000476837158,0.018666666746139524,-7.97569824690863,-7.609300858724327,-7.936619934380114
0.12000000476837158,0.023333333432674408,-7.336296866326001,-7.326639638122965,-7.310158356848006
0.12000000476837158,0.028000000119209292,-5.182669497065077,-5.352543218182691,-5.364970348256607
0.12000000476837158,0.03266666680574418,-5.182669497065077,-5.352543218182691,-5.364970348256607
0.12000000476837158,0.03733333349227906,-4.270265671715224,-3.8604273386785257,-4.392295761084302
0.12000000476837158,0.042000000178813945,-3.678506970354019,-3.5657922171847996,-2.737875193482652
0.12000000476837158,0.046666666865348816,-3.678506970354019,-3.5657922171847996,-2.737875193482652
0.12000000476837158,0.0513333335518837,-2.984258780074679,-2.982912432604137,-3.00616309871583
0.12000000476837158,0.056000000238418585,-0.8752620021303192,0.5890686185794336,-0.26959257985027674
0.12000000476837158,0.060666666924953455,-0.8752620021303192,0.5890686185794336,-0.26959257985027674
0.12000000476837158,0.06533333361148835,-0.9542894122608225,0.992195015863717,-0.7322909093934573
0.12000000476837158,0.07000000029802322,-0.9542894122608225,0.992195015863717,-0.7322909093934573
0.18000000715255737,-0.07000000029802322,-0.6103483922166528,-0.45499190143857726,-0.6264060323264966
0.18000000715255737,-0.06533333361148834,-0.6103483922166528,-0.45499190143857726,-0.6264060323264966
0.18000000715255737,-0.06066666692495346,0.4997893304629837,-0.22255576814116274,0.852884817966006
0.18000000715255737,-0.05600000023841858,-0.7642121361481475,-0.014735169052034758,0.7361693999855103
0.18000000715255737,-0.0513333335518837,-0.7642121361481475,-0.014735169052034758,0.7361693999855103
0.18000000715255737,-0.046666666865348816,0.048587026049550675,-0.011010854201314313,0.6101542932582809
0.18000000715255737,-0.04200000017881393,-0.4713158719587609,-0.8014527916285723,-0.9180305650943335
0.18000000715255737,-0.037333333492279054,-0.4713158719587609,-0.8014527916285723,-0.9180305650943335
0.18000000715255737,-0.03266666680574417,-2.7261616977843564,-2.8988018038808616,-2.744709526225156
0.18000000715255737,-0.028000000119209285,-4.5058271067140785,-4.4827946406321715,-4.5715004253950875
0.18000000715255737,-0.023333333432674408,-4.5058271067140785,-4.4827946406321715,-4.5715004253950875
0.18000000715255737,-0.018666666746139524,-5.773075440881382,-5.766006087015224,-5.806564889236906
0.18000000715255737,-0.01400000005960464,-6.716398473235682,-6.712398919062597,-6.727238198310008
0.18000000715255737,-0.009333333373069762,-6.716398473235682,-6.712398919062597,-6.727238198310008
0.18000000715255737,-0.004666666686534884,-6.916835234668438,-6.953600993537046,-6.973761597075159
0.18000000715255737,0.0,-7.1524147760908665,-7.120644284238265,-7.143784319999874
0.18000000715255737,0.004666666686534884,-7.1524147760908665,-7.120644284238265,-7.143784319999874
0.18000000715255737,0.009333333373069769,-7.230174560862066,-7.235885355957019,-7.233996357404162
0.18000000715255737,0.014000000059604653,-6.663537703077061,-6.627246566131305,-6.690269513909264
0.18000000715255737,0.018666666746139524,-6.663537703077061,-6.627246566131305,-6.690269513909264
0.18000000715255737,0.023333333432674408,-5.192511264269056,-5.098193273849144,-5.238925326522644
0.18000000715255737,0.028000000119209292,-4.3787086966795625,-4.258438461706065,-3.5006107204344623
0.18000000715255737,0.03266666680574418,-4.3787086966795625,-4.258438461706065,-3.5006107204344623
0.18000000715255737,0.03733333349227906,-3.517133443023336,-3.47356185358738,-2.276462594542843
0.18000000715255737,0.042000000178813945,-2.963560365212642,-2.451334359665825,-2.9436651655233237
0.18000000715255737,0.046666666865348816,-2.963560365212642,-2.451334359665825,-2.9436651655233237
0.18000000715255737,0.0513333335518837,-0.3637564422090873,-0.26114774721698786,-0.6415306125870632
0.18000000715255737,0.056000000238418585,-0.894639398539069,0.616343541969405,-0.7006011124108313
0.18000000715255737,0.060666666924953455,-0.894639398539069,0.616343541969405,-0.7006011124108313
0.18000000715255737,0.06533333361148835,-0.15529924838899833,-0.6051580056594932,-0.5845504162805195
0.18000000715255737,0.07000000029802322,-0.15529924838899833,-0.6051580056594932,-0.5845504162805195
0.24000000953674316,-0.07000000029802322,-0.38859909356982647,-0.8298160246520181,0.2851800076791011
0.24000000953674316,-0.06533333361148834,-0.38859909356982647,-0.8298160246520181,0.2851800076791011
0.24000000953674316,-0.06066666692495346,-0.07311483603251889,-0.8034936355535256,-0.40815080655283453
0.24000000953674316,-0.05600000023841858,0.8889397041473124,-0.4717621618882364,0.4029693696604546
0.24000000953674316,-0.0513333335518837,0.8889397041473124,-0.4717621618882364,0.4029693696604546
0.24000000953674316,-0.046666666865348816,-0.1683956047229751,0.8973652118893665,-0.11000412925852854
0.24000000953674316,-0.04200000017881393,0.685642613807955,0.9489012489311845,-0.47523864134458793
0.24000000953674316,-0.037333333492279054,0.685642613807955,0.9489012489311845,-0.47523864134458793
0.24000000953674316,-0.03266666680574417,-0.47149400577093603,0.34299095462317175,0.2776667646831339
0.24000000953674316,-0.028000000119209285,-2.682908307383374,-2.635695749847317,-2.813757744331495
0.24000000953674316,-0.023333333432674408,-2.682908307383374,-2.635695749847317,-2.813757744331495
0.24000000953674316,-0.018666666746139524,-3.884274659909106,-3.8555329650363563,-3.845301542496009
0.24000000953674316,-0.01400000005960464,-5.227194071202471,-5.049265603587206,-5.25168360927277
0.24000000953674316,-0.009333333373069762,-5.227194071202471,-5.049265603587206,-5.25168360927277
0.24000000953674316,-0.004666666686534884,-5.397008364638762,-5.379488070579101,-5.392493651116357
0.24000000953674316,0.0,-5.52644676419834,-5.538507830612138,-5.524671678420773
0.24000000953674316,0.004666666686534884,-5.52644676419834,-5.538507830612138,-5.524671678420773
0.24000000953674316,0.009333333373069769,-5.472319093965325,-5.482662015811816,-5.478018417611427
0.24000000953674316,0.014000000059604653,-4.944140104309782,-4.90746085381973,-4.912201252556465
0.24000000953674316,0.018666666746139524,-4.944140104309782,-4.90746085381973,-4.912201252556465
0.24000000953674316,0.023333333432674408,-4.0522193173122325,-4.107956357660417,-2.9834102682896386
0.24000000953674316,0.028000000119209292,-2.9692112572878315,-2.9084385495683662,-2.7150420871493792
0.24000000953674316,0.03266666680574418,-2.9692112572878315,-2.9084385495683662,-2.7150420871493792
0.24000000953674316,0.03733333349227906,-2.768184364857771,-1.7034872524718891,-2.650030906909992
0.24000000953674316,0.042000000178813945,-1.9735481461964008,-1.9742948864956738,-1.9717713675347324
0.24000000953674316,0.046666666865348816,-1.9735481461964008,-1.9742948864956738,-1.9717713675347324
0.24000000953674316,0.0513333335518837,0.7384811139207597,-0.019556067888267137,0.10223622663929044
0.24000000953674316,0.056000000238418585,0.4706485789157595,0.4247800246465705,-0.5585595883985262
0.24000000953674316,0.060666666924953455,0.4706485789157595,0.4247800246465705,-0.5585595883985262
0.24000000953674316,0.06533333361148835,-0.13922333760425842,0.6303788751750503,0.3463394074018653
0.24000000953674316,0.07000000029802322,-0.13922333760425842,0.6303788751750503,0.3463394074018653
0.30000001192092896,-0.07000000029802322,-0.38859909356982647,-0.8298160246520181,0.2851800076791011
0.30000001192092896,-0.06533333361148834,-0.38859909356982647,-0.8298160246520181,0.2851800076791011
0.30000001192092896,-0.06066666692495346,-0.07311483603251889,-0.8034936355535256,-0.40815080655283453
0.30000001192092896,-0.05600000023841858,0.8889397041473124,-0.4717621618882364,0.4029693696604546
0.30000001192092896,-0.0513333335518837,0.8889397041473124,-0.4717621618882364,0.4029693696604546
0.30000001192092896,-0.046666666865348816,-0.1683956047229751,0.8973652118893665,-0.11000412925852854
0.30000001192092896,-0.04200000017881393,0.685642613807955,0.9489012489311845,-0.47523864134458793
0.30000001192092896,-0.037333333492279054,0.685642613807955,0.9489012489311845,-0.47523864134458793
0.30000001192092896,-0.03266666680574417,-0.47149400577093603,0.34299095462317175,0.2776667646831339
0.30000001192092896,-0.028000000119209285,-2.682908307383374,-2.635695749847317,-2.813757744331495
0.30000001192092896,-0.023333333432674408,-2.682908307383374,-2.635695749847317,-2.813757744331495
0.30000001192092896,-0.018666666746139524,-3.884274659909106,-3.8555329650363563,-3.845301542496009
0.30000001192092896,-0.01400000005960464,-5.227194071202471,-5.049265603587206,-5.25168360927277
0.30000001192092896,-0.009333333373069762,-5.227194071202471,-5.049265603587206,-5.25168360927277
0.30000001192092896,-0.004666666686534884,-5.397008364638762,-5.379488070579101,-5.392493651116357
0.30000001192092896,0.0,-5.52644676419834,-5.538507830612138,-5.524671678420773
0.30000001192092896,0.004666666686534884,-5.52644676419834,-5.538507830612138,-5.524671678420773
0.30000001192092896,0.009333333373069769,-5.472319093965325,-5.482662015811816,-5.478018417611427
0.30000001192092896,0.014000000059604653,-4.944140104309782,-4.90746085381973,-4.912201252556465
0.30000001192092896,0.018666666746139524,-4.944140104309782,-4.90746085381973,-4.912201252556465
0.30000001192092896,0.023333333432674408,-4.0522193173122325,-4.107956357660417,-2.9834102682896386
0.30000001192092896,0.028000000119209292,-2.9692112572878315,-2.9084385495683662,-2.7150420871493792
0.30000001192092896,0.03266666680574418,-2.9692112572878315,-2.9084385495683662,-2.7150420871493792
0.30000001192092896,0.03733333349227906,-2.768184364857771,-1.7034872524718891,-2.650030906909992
0.30000001192092896,0.042000000178813945,-1.9735481461964008,-1.9742948864956738,-1.9717713675347324
0.30000001192092896,0.046666666865348816,-1.9735481461964008,-1.9742948864956738,-1.9717713675347324
0.30000001192092896,0.0513333335518837,0.7384811139207597,-0.019556067888267137,0.10223622663929044
0.30000001192092896,0.056000000238418585,0.4706485789157595,0.4247800246465705,-0.5585595883985262
0.30000001192092896,0.060666666924953455,0.4706485789157595,0.4247800246465705,-0.5585595883985262
0.30000001192092896,0.06533333361148835,-0.13922333760425842,0.6303788751750503,0.3463394074018653
0.30000001192092896,0.07000000029802322,-0.13922333760425842,0.6303788751750503,0.3463394074018653
0.36000001430511475,-0.07000000029802322,-0.6358741911698573,-0.3960580194003962,-0.9086713051614583
0.36000001430511475,-0.06533333361148834,-0.6358741911698573,-0.3960580194003962,-0.9086713051614583
0.36000001430511475,-0.06066666692495346,0.2865286726626808,-0.013229645420347769,-0.2095368149800232
0.36000001430511475,-0.05600000023841858,-0.04514949685643077,0.6170470777253658,-0.4613703503549822
0.36000001430511475,-0.0513333335518837,-0.04514949685643077,0.6170470777253658,-0.4613703503549822
0.36000001430511475,-0.046666666865348816,-0.12224004441586067,0.6606479480670422,0.8939199849993313
0.36000001430511475,-0.04200000017881393,0.3411013152287454,0.8560472002373609,-0.4229639759620285
0.36000001430511475,-0.037333333492279054,0.3411013152287454,0.8560472002373609,-0.4229639759620285
0.36000001430511475,-0.03266666680574417,0.4142614558711162,0.2738174454507649,-0.6875712151469076
0.36000001430511475,-0.028000000119209285,-0.16513972597703375,-0.48755815023940574,0.8038003770309179
0.36000001430511475,-0.023333333432674408,-0.16513972597703375,-0.48755815023940574,0.8038003770309179
0.36000001430511475,-0.018666666746139524,-2.561108152273074,-2.583846113511273,-2.4983130004384595
0.36000001430511475,-0.01400000005960464,-3.458202397213567,-3.55917455655769,-3.603931193831295
0.36000001430511475,-0.009333333373069762,-3.458202397213567,-3.55917455655769,-3.603931193831295
0.36000001430511475,-0.004666666686534884,-4.017475663665145,-4.049920959109448,-4.052540834994698
0.36000001430511475,0.0,-4.222209469977881,-4.23233543238676,-4.232310481620896
0.36000001430511475,0.004666666686534884,-4.222209469977881,-4.23233543238676,-4.232310481620896
0.36000001430511475,0.009333333373069769,-4.192064522549739,-4.203148601310585,-4.184373478686221
0.36000001430511475,0.014000000059604653,-4.208498594119012,-4.2009321320433655,-4.20393292486174
0.36000001430511475,0.018666666746139524,-4.208498594119012,-4.2009321320433655,-4.20393292486174
0.36000001430511475,0.023333333432674408,-2.774629806913403,-2.857982712551553,-2.04753823031811
0.36000001430511475,0.028000000119209292,-2.2519627895185064,-2.230614538472718,-1.710317170730021
0.36000001430511475,0.03266666680574418,-2.2519627895185064,-2.230614538472718,-1.710317170730021
0.36000001430511475,0.03733333349227906,-1.4285410033355537,-1.3607549125512022,-1.2244040875985238
0.36000001430511475,0.042000000178813945,0.040368488819491066,-0.022842195593026138,-0.47999016864794597
0.36000001430511475,0.046666666865348816,0.040368488819491066,-0.022842195593026138,-0.47999016864794597
0.36000001430511475,0.0513333335518837,-0.43635349745463836,0.6504327575998909,0.5377102587818103
0.36000001430511475,0.056000000238418585,0.2462245621963033,-0.21148118566584673,0.3603577364344277
0.36000001430511475,0.060666666924953455,0.2462245621963033,-0.21148118566584673,0.3603577364344277
0.36000001430511475,0.06533333361148835,0.116900951723653,0.8114650991690004,0.583583028392322
0.36000001430511475,0.07000000029802322,0.116900951723653,0.8114650991690004,0.583583028392322
0.42000001668930054,-0.07000000029802322,0.12588016290304704,0.02439903755578543,-0.9417474198764413
0.42000001668930054,-0.06533333361148834,0.12588016290304704,0.02439903755578543,-0.9417474198764413
0.42000001668930054,-0.06066666692495346,-0.9966456642577319,-0.23527743912814136,0.8804779451620866
0.42000001668930054,-0.05600000023841858,-0.8144970833354068,-0.8364399789230772,0.16230814511362923
0.42000001668930054,-0.0513333335518837,-0.8144970833354068,-0.8364399789230772,0.16230814511362923
0.42000001668930054,-0.046666666865348816,0.8080861843546427,0.9095733719545416,-0.7598120325300308
0.42000001668930054,-0.04200000017881393,0.44035403158201425,-0.7406719532192039,0.1126672751159834
0.42000001668930054,-0.037333333492279054,0.44035403158201425,-0.7406719532192039,0.1126672751159834
0.42000001668930054,-0.03266666680574417,-0.9119224425372598,0.9187967035273232,0.8572075990224706
0.42000001668930054,-0.028000000119209285,0.2695384592348704,0.803493863248703,0.2332013542577398
0.42000001668930054,-0.023333333432674408,0.2695384592348704,0.803493863248703,0.2332013542577398
0.42000001668930054,-0.018666666746139524,0.22097254541064348,-0.6828555335321189,0.27416510509328207
0.42000001668930054,-0.01400000005960464,-1.8676493719861358,-1.7730104112408538,-1.79393440785859
0.42000001668930054,-0.009333333373069762,-1.8676493719861358,-1.7730104112408538,-1.79393440785859
0.42000001668930054,-0.004666666686534884,-2.9398332234389852,-3.213245469855641,-3.220334579272568
0.42000001668930054,0.0,-3.615640204494091,-3.656680831619853,-3.6493991679629856
0.42000001668930054,0.004666666686534884,-3.615640204494091,-3.656680831619853,-3.6493991679629856
0.42000001668930054,0.009333333373069769,-3.8648121676247538,-3.8821009850080896,-3.8888105185509625
0.42000001668930054,0.014000000059604653,-2.9612404640755243,-2.887694549435608,-2.596750049796949
0.42000001668930054,0.018666666746139524,-2.9612404640755243,-2.887694549435608,-2.596750049796949
0.42000001668930054,0.023333333432674408,-1.7986413409994757,-1.615779167452485,-1.5589910405137695
0.42000001668930054,0.028000000119209292,-1.4396865461572979,-1.3511653047176526,-0.6939680777134718
0.42000001668930054,0.03266666680574418,-1.4396865461572979,-1.3511653047176526,-0.6939680777134718
0.42000001668930054,0.03733333349227906,-0.4833822368620687,-0.3016666471929111,-0.6222779832514218
0.42000001668930054,0.042000000178813945,-0.9291921942927266,-0.1641935498033018,0.19927580998174566
0.42000001668930054,0.046666666865348816,-0.9291921942927266,-0.1641935498033018,0.19927580998174566
0.42000001668930054,0.0513333335518837,0.4064588616969953,-0.9633287591715114,-0.2776775193808585
0.42000001668930054,0.056000000238418585,-0.35080101734239677,-0.21349304383893242,0.2734132900133843
0.42000001668930054,0.060666666924953455,-0.35080101734239677,-0.21349304383893242,0.2734132900133843
0.42000001668930054,0.06533333361148835,-0.8949471235121955,-0.39855399399607716,0.6137906864439382
0.42000001668930054,0.07000000029802322,-0.8949471235121955,-0.39855399399607716,0.6137906864439382
0.48000001907348633,-0.07000000029802322,0.12588016290304704,0.02439903755578543,-0.9417474198764413
0.48000001907348633,-0.06533333361148834,0.12588016290304704,0.02439903755578543,-0.9417474198764413
0.48000001907348633,-0.06066666692495346,-0.9966456642577319,-0.23527743912814136,0.8804779451620866
0.48000001907348633,-0.05600000023841858,-0.8144970833354068,-0.8364399789230772,0.16230814511362923
0.48000001907348633,-0.0513333335518837,-0.8144970833354068,-0.8364399789230772,0.16230814511362923
0.48000001907348633,-0.046666666865348816,0.8080861843546427,0.9095733719545416,-0.7598120325300308
0.48000001907348633,-0.04200000017881393,0.44035403158201425,-0.7406719532192039,0.1126672751159834
0.48000001907348633,-0.037333333492279054,0.44035403158201425,-0.7406719532192039,0.1126672751159834
0.48000001907348633,-0.03266666680574417,-0.9119224425372598,0.9187967035273232,0.8572075990224706
0.48000001907348633,-0.028000000119209285,0.2695384592348704,0.803493863248703,0.2332013542577398
0.48000001907348633,-0.023333333432674408,0.2695384592348704,0.803493863248703,0.2332013542577398
0.48000001907348633,-0.018666666746139524,0.22097254541064348,-0.6828555335321189,0.27416510509328207
0.48000001907348633,-0.01400000005960464,-1.8676493719861358,-1.7730104112408538,-1.79393440785859
0.48000001907348633,-0.009333333373069762,-1.8676493719861358,-1.7730104112408538,-1.79393440785859
0.48000001907348633,-0.004666666686534884,-2.9398332234389852,-3.213245469855641,-3.220334579272568
0.48000001907348633,0.0,-3.615640204494091,-3.656680831619853,-3.6493991679629856
0.48000001907348633,0.004666666686534884,-3.615640204494091,-3.656680831619853,-3.6493991679629856
0.48000001907348633,0.009333333373069769,-3.8648121676247538,-3.8821009850080896,-3.8888105185509625
0.48000001907348633,0.014000000059604653,-2.9612404640755243,-2.887694549435608,-2.596750049796949
0.48000001907348633,0.018666666746139524,-2.9612404640755243,-2.887694549435608,-2.596750049796949
0.48000001907348633,0.023333333432674408,-1.7986413409994757,-1.615779167452485,-1.5589910405137695
0.48000001907348633,0.028000000119209292,-1.4396865461572979,-1.3511653047176526,-0.6939680777134718
0.48000001907348633,0.03266666680574418,-1.4396865461572979,-1.3511653047176526,-0.6939680777134718
0.48000001907348633,0.03733333349227906,-0.4833822368620687,-0.3016666471929111,-0.6222779832514218
0.48000001907348633,0.042000000178813945,-0.9291921942927266,-0.1641935498033018,0.19927580998174566
0.48000001907348633,0.046666666865348816,-0.9291921942927266,-0.1641935498033018,0.19927580998174566
0.48000001907348633,0.0513333335518837,0.4064588616969953,-0.9633287591715114,-0.2776775193808585
0.48000001907348633,0.056000000238418585,-0.35080101734239677,-0.21349304383893242,0.2734132900133843
0.48000001907348633,0.060666666924953455,-0.35080101734239677,-0.21349304383893242,0.2734132900133843
0.48000001907348633,0.06533333361148835,-0.8949471235121955,-0.39855399399607716,0.6137906864439382
0.48000001907348633,0.07000000029802322,-0.8949471235121955,-0.39855399399607716,0.6137906864439382
0.5400000214576721,-0.07000000029802322,0.39249140294822427,0.6824174726786272,0.4302459952916722
0.5400000214576721,-0.06533333361148834,0.39249140294822427,0.6824174726786272,0.4302459952916722
0.5400000214576721,-0.06066666692495346,-0.8532975377962368,-0.6691733535570106,0.5954699474313105
0.5400000214576721,-0.05600000023841858,-0.5610939015882128,0.5204212088399425,-0.8110179832236135
0.5400000214576721,-0.0513333335518837,-0.5610939015882128,0.5204212088399425,-0.8110179832236135
0.5400000214576721,-0.046666666865348816,0.26712629909316177,-0.6851400749690095,-0.3982241947712337
0.5400000214576721,-0.04200000017881393,0.4121098483318928,-0.7933516063085762,-0.9543476654373408
0.5400000214576721,-0.037333333492279054,0.4121098483318928,-0.7933516063085762,-0.9543476654373408
0.5400000214576721,-0.03266666680574417,-0.057271691977324624,0.778089623554651,-0.2927596199717324
0.5400000214576721,-0.028000000119209285,0.2600306876607841,-0.8300081688055563,-0.05367809492123232
0.5400000214576721,-0.023333333432674408,0.2600306876607841,-0.8300081688055563,-0.05367809492123232
0.5400000214576721,-0.018666666746139524,0.6732394922073497,-0.2670490778798489,0.16684181265245646
0.5400000214576721,-0.01400000005960464,-0.9227079589416367,-0.5160262270174869,0.5111598766612815
0.5400000214576721,-0.009333333373069762,-0.9227079589416367,-0.5160262270174869,0.5111598766612815
0.5400000214576721,-0.004666666686534884,0.30684995230574974,-0.6972341904200321,0.3999002892473953
0.5400000214576721,0.0,-0.10783913175884763,0.6521634350240246,0.8154962257099929
0.5400000214576721,0.004666666686534884,-0.10783913175884763,0.6521634350240246,0.8154962257099929
0.5400000214576721,0.009333333373069769,-0.9074680995206772,0.5988164955207134,0.15682845632382092
0.5400000214576721,0.014000000059604653,-0.7337016540653427,-0.8458911997972987,-0.47704544978061425
0.5400000214576721,0.018666666746139524,-0.7337016540653427,-0.8458911997972987,-0.47704544978061425
0.5400000214576721,0.023333333432674408,0.643395905848555,-0.18339790392643174,-0.926901111007115
0.5400000214576721,0.028000000119209292,-0.728266380076553,-0.17111406742832624,-0.5226547624016791
0.5400000214576721,0.03266666680574418,-0.728266380076553,-0.17111406742832624,-0.5226547624016791
0.5400000214576721,0.03733333349227906,0.7729820943178252,0.04580939893813718,0.21917804241397998
0.5400000214576721,0.042000000178813945,0.875238860878983,-0.567781819740373,-0.33494852755605353
0.5400000214576721,0.046666666865348816,0.875238860878983,-0.567781819740373,-0.33494852755605353
0.5400000214576721,0.0513333335518837,-0.6421934141409276,-0.6580835931121827,0.7637811000946888
0.5400000214576721,0.056000000238418585,0.9872770570833311,-0.30976260504786657,0.6487527788090814
0.5400000214576721,0.060666666924953455,0.9872770570833311,-0.30976260504786657,0.6487527788090814
0.5400000214576721,0.06533333361148835,0.8440645093049135,-0.17221571501347732,0.39166560407447104
0.5400000214576721,0.07000000029802322,0.8440645093049135,-0.17221571501347732,0.39166560407447104
0.6000000238418579,-0.07000000029802322,0.39249140294822427,0.6824174726786272,0.4302459952916722
0.6000000238418579,-0.06533333361148834,0.39249140294822427,0.6824174726786272,0.4302459952916722
0.6000000238418579,-0.06066666692495346,-0.8532975377962368,-0.6691733535570106,0.5954699474313105
0.6000000238418579,-0.05600000023841858,-0.5610939015882128,0.5204212088399425,-0.8110179832236135
0.6000000238418579,-0.0513333335518837,-0.5610939015882128,0.5204212088399425,-0.8110179832236135
0.6000000238418579,-0.046666666865348816,0.26712629909316177,-0.6851400749690095,-0.3982241947712337
0.6000000238418579,-0.04200000017881393,0.4121098483318928,-0.7933516063085762,-0.9543476654373408
0.6000000238418579,-0.037333333492279054,0.4121098483318928,-0.7933516063085762,-0.9543476654373408
0.6000000238418579,-0.03266666680574417,-0.057271691977324624,0.778089623554651,-0.2927596199717324
0.6000000238418579,-0.028000000119209285,0.2600306876607841,-0.8300081688055563,-0.05367809492123232
0.6000000238418579,-0.023333333432674408,0.2600306876607841,-0.8300081688055563,-0.05367809492123232
0.6000000238418579,-0.018666666746139524,0.6732394922073497,-0.2670490778798489,0.16684181265245646
0.6000000238418579,-0.01400000005960464,-0.9227079589416367,-0.5160262270174869,0.5111598766612815
0.6000000238418579,-0.009333333373069762,-0.9227079589416367,-0.5160262270174869,0.5111598766612815
0.6000000238418579,-0.004666666686534884,0.30684995230574974,-0.6972341904200321,0.3999002892473953
0.6000000238418579,0.0,-0.10783913175884763,0.6521634350240246,0.8154962257099929
0.6000000238418579,0.004666666686534884,-0.10783913175884763,0.6521634350240246,0.8154962257099929
0.6000000238418579,0.009333333373069769,-0.9074680995206772,0.5988164955207134,0.15682845632382092
0.6000000238418579,0.014000000059604653,-0.7337016540653427,-0.8458911997972987,-0.47704544978061425
0.6000000238418579,0.018666666746139524,-0.7337016540653427,-0.8458911997972987,-0.47704544978061425
0.6000000238418579,0.023333333432674408,0.643395905848555,-0.18339790392643174,-0.926901111007115
0.6000000238418579,0.028000000119209292,-0.728266380076553,-0.17111406742832624,-0.5226547624016791
0.6000000238418579,0.03266666680574418,-0.728266380076553,-0.17111406742832624,-0.5226547624016791
0.6000000238418579,0.03733333349227906,0.7729820943178252,0.04580939893813718,0.21917804241397998
0.6000000238418579,0.042000000178813945,0.875238860878983,-0.567781819740373,-0.33494852755605353
0.6000000238418579,0.046666666865348816,0.875238860878983,-0.567781819740373,-0.33494852755605353
0.6000000238418579,0.0513333335518837,-0.6421934141409276,-0.6580835931121827,0.7637811000946888
0.6000000238418579,0.056000000238418585,0.9872770570833311,-0.30976260504786657,0.6487527788090814
0.6000000238418579,0.060666666924953455,0.9872770570833311,-0.30976260504786657,0.6487527788090814
0.6000000238418579,0.06533333361148835,0.8440645093049135,-0.17221571501347732,0.39166560407447104
0.6000000238418579,0.07000000029802322,0.8440645093049135,-0.17221571501347732,0.39166560407447104
